candidate,full_logloss,last_logloss,full_delta_vs_anchor,last_delta_vs_anchor,fold_std,tail3_worst,pseudo_public_logloss,test_abs_delta_mean_vs_anchor,test_up_rate_vs_anchor,test_down_rate_vs_anchor,fold0_logloss,fold1_logloss,fold2_logloss,fold3_logloss,fold4_logloss,pseudo_Q1,delta_mean_Q1,delta_abs_Q1,up_rate_Q1,pseudo_Q2,delta_mean_Q2,delta_abs_Q2,up_rate_Q2,pseudo_Q3,delta_mean_Q3,delta_abs_Q3,up_rate_Q3,pseudo_S1,delta_mean_S1,delta_abs_S1,up_rate_S1,pseudo_S2,delta_mean_S2,delta_abs_S2,up_rate_S2,pseudo_S3,delta_mean_S3,delta_abs_S3,up_rate_S3,pseudo_S4,delta_mean_S4,delta_abs_S4,up_rate_S4,corr_to_last_guard_0p008_last0.588383_full0.587743,mean_abs_diff_to_last_guard_0p008_last0.588383_full0.587743,corr_to_target_select_public_tight_last0.572477_full0.592635,mean_abs_diff_to_target_select_public_tight_last0.572477_full0.592635,corr_to_02_guarded_targetwise,mean_abs_diff_to_02_guarded_targetwise,selector_score
pattern_safe_candidates_20260622/s2down_only_noq1,0.5947998708598901,0.5879849587923014,-0.0010298802334849366,-0.00529724800603304,0.014312880655138022,0.6227485796933881,0.5889997562774966,0.002924133577448994,0.0,0.08057142857142857,0.5927346944555352,0.5822846412435593,0.6227485796933881,0.5888093082433734,0.5879849587923014,0.5976921407331661,0.0,0.0,0.0,0.6505980290149822,0.0,0.0,0.0,0.6385502921504717,0.0,0.0,0.0,0.48132484316497526,0.0,0.0,0.0,0.5596978426582061,-0.020468935042142956,0.020468935042142956,0.0,0.5557640408216769,0.0,0.0,0.0,0.639371105398998,0.0,0.0,0.0,0.9868866602627507,0.017678217586522698,0.9931907272501771,0.006083030202478603,0.9784964670388283,0.013633257172886708,0.589803124317577
pattern_safe_candidates_20260622/s2down_s4up_noq1,0.5938608476197063,0.5864891731315485,-0.001968903473668737,-0.006793033666785964,0.01463616618742405,0.6223397382574352,0.5890497702988032,0.004069188436419778,0.038857142857142854,0.08057142857142857,0.5916022661623862,0.5806335993076207,0.6223397382574352,0.5887915596001291,0.5864891731315485,0.5976921407331661,0.0,0.0,0.0,0.6505980290149822,0.0,0.0,0.0,0.6385502921504717,0.0,0.0,0.0,0.48132484316497526,0.0,0.0,0.0,0.5596978426582061,-0.020468935042142956,0.020468935042142956,0.0,0.5557640408216769,0.0,0.0,0.0,0.6397212035481443,0.008015384012795487,0.008015384012795487,0.272,0.9878297035065761,0.016533162727551915,0.9940402754135685,0.005282489112155117,0.9774604711813822,0.01467869410856358,0.5899036542612671
pattern_safe_candidates_20260622/q1_s2down50_s4up50,0.5942463587255078,0.5877806378296395,-0.001583392367867198,-0.005501568968694914,0.01429928330747542,0.6220642507228973,0.5890678924866839,0.004580326512813427,0.11028571428571429,0.152,0.5906155456888621,0.5808170297269442,0.6220642507228973,0.590604687931323,0.5877806378296395,0.5984263840830734,0.001879180925109512,0.017820126062224766,0.5,0.6505980290149822,0.0,0.0,0.0,0.6385502921504717,0.0,0.0,0.0,0.48132484316497526,0.0,0.0,0.0,0.5595148476061964,-0.010234467521071483,0.010234467521071483,0.0,0.5557640408216769,0.0,0.0,0.0,0.6392968105654111,0.004007692006397742,0.004007692006397742,0.272,0.9870026556318025,0.016022024651158265,0.9897942995976877,0.006982252448056326,0.9845071128515546,0.015664313725682763,0.5899202664474421
pattern_safe_candidates_20260622/q1_s2down75_s4up75,0.5938229791291771,0.5861989026038356,-0.002006771964197851,-0.007083304194498874,0.014546319681854374,0.6220870829641011,0.589025441276997,0.005597623621918372,0.11028571428571429,0.152,0.5904383021252164,0.5804576807085032,0.6220870829641011,0.5905108015339934,0.5861989026038356,0.5984263840830734,0.001879180925109512,0.017820126062224766,0.5,0.6505980290149822,0.0,0.0,0.0,0.6385502921504717,0.0,0.0,0.0,0.48132484316497526,0.0,0.0,0.0,0.5590733286716936,-0.015351701281607224,0.015351701281607224,0.0,0.5557640408216769,0.0,0.0,0.0,0.6394411710321057,0.006011538009596614,0.006011538009596614,0.272,0.9885407165925434,0.01500472754205332,0.9927079923994334,0.00657587894128931,0.9809819219672444,0.016416661792242954,0.5899206859697472
direction_gated_ablation_20260622/core_q1down_s2tight_s4tight,0.5936398133599672,0.5846682212795985,-0.0021899377334078096,-0.008613985518735934,0.01375123563465615,0.6201983006230591,0.5891640988901121,0.003264034524828646,0.009142857142857144,0.02,0.5908545835107567,0.5815277314744309,0.6201983006230591,0.5913566785790664,0.5846682212795985,0.599646734684004,-0.00936908344256825,0.00936908344256825,0.0,0.6505980290149822,0.0,0.0,0.0,0.6385502921504717,0.0,0.0,0.0,0.48132484316497526,0.0,0.0,0.0,0.5585441664549102,-0.009201249105072414,0.009201249105072414,0.0,0.5557640408216769,0.0,0.0,0.0,0.6397205859397641,0.0042779091261598585,0.0042779091261598585,0.064,0.9854196765856555,0.019519863957351058,0.9942819174521288,0.0043470366091389,0.9775156035963405,0.014995042993537853,0.5899495817075898
direction_gated_ablation_20260622/core_q1up_s2tight_s4tight,0.5943582413979948,0.584922358791834,-0.0014715096953802353,-0.00835984800650047,0.013897920282230039,0.6208947184654343,0.5891637817521963,0.0030338612879016683,0.019428571428571427,0.0074285714285714285,0.5914227210578711,0.5815945172157708,0.6208947184654343,0.5933386081285782,0.584922358791834,0.5996445147185937,0.007757870784079405,0.007757870784079405,0.072,0.6505980290149822,0.0,0.0,0.0,0.6385502921504717,0.0,0.0,0.0,0.48132484316497526,0.0,0.0,0.0,0.5585441664549102,-0.009201249105072414,0.009201249105072414,0.0,0.5557640408216769,0.0,0.0,0.0,0.6397205859397641,0.0042779091261598585,0.0042779091261598585,0.064,0.9867693165927447,0.019105685129343117,0.992536480543119,0.00543447786448948,0.9775444738571994,0.014764869756610876,0.5899496936049449
direction_gated_ablation_20260622/core_plus_q2tiny,0.5936878668276017,0.5842293736204835,-0.0021418842657733306,-0.009052833177850883,0.013558826546334106,0.6197631048544298,0.5891719813882965,0.003343033472653973,0.010285714285714285,0.02,0.5915590995267358,0.5818606360632403,0.6197631048544298,0.5913566785790664,0.5842293736204835,0.599646734684004,-0.00936908344256825,0.00936908344256825,0.0,0.6506532065022738,0.0005529926347772891,0.0005529926347772891,0.008,0.6385502921504717,0.0,0.0,0.0,0.48132484316497526,0.0,0.0,0.0,0.5585441664549102,-0.009201249105072414,0.009201249105072414,0.0,0.5557640408216769,0.0,0.0,0.0,0.6397205859397641,0.0042779091261598585,0.0042779091261598585,0.064,0.9853916669878193,0.01955916773711215,0.9943477271971075,0.004290087506096022,0.9774129967899842,0.015074041941363178,0.5899502137197928
direction_gated_ablation_20260622/core_plus_q2,0.593596320226233,0.5835191877012103,-0.0022334308671420056,-0.009763019097124181,0.013454654869434424,0.6189728219927408,0.5891820124295712,0.003645822682032956,0.018857142857142857,0.02,0.5921928890499039,0.5810934933327517,0.6189728219927408,0.5924370599870276,0.5835191877012103,0.599646734684004,-0.00936908344256825,0.00936908344256825,0.0,0.650723423791197,0.0026725171004301725,0.0026725171004301725,0.068,0.6385502921504717,0.0,0.0,0.0,0.48132484316497526,0.0,0.0,0.0,0.5585441664549102,-0.009201249105072414,0.009201249105072414,0.0,0.5557640408216769,0.0,0.0,0.0,0.6397205859397641,0.0042779091261598585,0.0042779091261598585,0.064,0.9853411820703935,0.019736226990642536,0.9945455216539673,0.00396524845193459,0.9772044194017209,0.015376831150742162,0.5899641198535039
direction_gated_ablation_20260622/core_q1down_s2tight_s4mid,0.5934100694323694,0.5844974172948362,-0.0024196816610055905,-0.008784789503498258,0.013788902960655934,0.6199025754227334,0.5891704670245197,0.003480628993262983,0.014857142857142857,0.02,0.5905584713129982,0.5808296554776621,0.6199025754227334,0.5916733045505769,0.5844974172948362,0.599646734684004,-0.00936908344256825,0.00936908344256825,0.0,0.6505980290149822,0.0,0.0,0.0,0.6385502921504717,0.0,0.0,0.0,0.48132484316497526,0.0,0.0,0.0,0.5585441664549102,-0.009201249105072414,0.009201249105072414,0.0,0.5557640408216769,0.0,0.0,0.0,0.6397651628806172,0.005794070405200217,0.005794070405200217,0.104,0.9855525092300662,0.019383076288925605,0.9944196102734969,0.004130442140704563,0.9773486486530101,0.015198323449553495,0.5899643310423504
pattern_safe_candidates_20260622/q1_s2down_only,0.5944488735975347,0.5862745208631627,-0.0013808774958402603,-0.007007685935171759,0.014441779445440929,0.6226043066962007,0.5891046481846262,0.005469865872052533,0.07142857142857142,0.152,0.5915362989923085,0.581821524106641,0.6226043066962007,0.5905249753657419,0.5862745208631627,0.5984263840830734,0.001879180925109512,0.017820126062224766,0.5,0.6505980290149822,0.0,0.0,0.0,0.6385502921504717,0.0,0.0,0.0,0.48132484316497526,0.0,0.0,0.0,0.5596978426582061,-0.020468935042142956,0.020468935042142956,0.0,0.5557640408216769,0.0,0.0,0.0,0.639371105398998,0.0,0.0,0.0,0.9879734104393717,0.015132485291919162,0.9935915820997867,0.007098109196067239,0.977365201075514,0.016178989467490246,0.5899908331330598
direction_gated_ablation_20260622/core_plus_q3,0.5940401221833624,0.5829149154328265,-0.0017896289100125529,-0.010367291365507958,0.014386207725547903,0.6217512916091287,0.5891802773429224,0.003405262191180085,0.010857142857142857,0.02,0.5915259305063978,0.5825740132179632,0.6217512916091287,0.5917249989909568,0.5829149154328265,0.599646734684004,-0.00936908344256825,0.00936908344256825,0.0,0.6505980290149822,0.0,0.0,0.0,0.6386635413201439,0.0009885936644600751,0.0009885936644600751,0.012,0.48132484316497526,0.0,0.0,0.0,0.5585441664549102,-0.009201249105072414,0.009201249105072414,0.0,0.5557640408216769,0.0,0.0,0.0,0.6397205859397641,0.0042779091261598585,0.0042779091261598585,0.064,0.9852483993720728,0.019661091623702498,0.9944756830184471,0.004205808942787461,0.9774389606905933,0.015048056725569671,0.5900017455949352
direction_gated_ablation_20260622/core_plus_q2q3,0.5939966290496284,0.5817658818544384,-0.0018331220437466378,-0.011516324943895984,0.014118586106893666,0.6205258129788104,0.5891981908823816,0.0037870503483843957,0.02057142857142857,0.02,0.5928642360455447,0.582139775076284,0.6205258129788104,0.592805380398918,0.5817658818544384,0.599646734684004,-0.00936908344256825,0.00936908344256825,0.0,0.650723423791197,0.0026725171004301725,0.0026725171004301725,0.068,0.6386635413201439,0.0009885936644600751,0.0009885936644600751,0.012,0.48132484316497526,0.0,0.0,0.0,0.5585441664549102,-0.009201249105072414,0.009201249105072414,0.0,0.5557640408216769,0.0,0.0,0.0,0.6397205859397641,0.0042779091261598585,0.0042779091261598585,0.064,0.9851713316421306,0.01987745465699398,0.994740711329358,0.003824020785583151,0.97712935702068,0.015429844882773982,0.5900177316981777
direction_gated_ablation_20260622/core_plus_s1,0.5931386900267489,0.5820152153978544,-0.002691061066626088,-0.011266991400480042,0.014136108778326844,0.6201983006230591,0.5892491591634802,0.003484682355814076,0.009142857142857144,0.021142857142857144,0.5908545835107567,0.5815277314744309,0.6201983006230591,0.5913566785790664,0.5820152153978544,0.599646734684004,-0.00936908344256825,0.00936908344256825,0.0,0.6505980290149822,0.0,0.0,0.0,0.6385502921504717,0.0,0.0,0.0,0.48192026507855235,-0.0015445348168980114,0.0015445348168980114,0.0,0.5585441664549102,-0.009201249105072414,0.009201249105072414,0.0,0.5557640408216769,0.0,0.0,0.0,0.6397205859397641,0.0042779091261598585,0.0042779091261598585,0.064,0.9852444371865708,0.019566870369465514,0.9949538003776801,0.00412638877815347,0.9768368760746468,0.015185036376151876,0.590060505073071
pattern_safe_candidates_20260622/q1_s2down25_s4up25,0.5947916485077128,0.589555601665794,-0.0010381025856621706,-0.003726605132540417,0.014061767688786246,0.6221272387263771,0.5892518844302321,0.0035630294037084826,0.11028571428571429,0.152,0.5909498707875052,0.5812471266019262,0.6221272387263771,0.590803213553504,0.589555601665794,0.5984263840830734,0.001879180925109512,0.017820126062224766,0.5,0.6505980290149822,0.0,0.0,0.0,0.6385502921504717,0.0,0.0,0.0,0.48132484316497526,0.0,0.0,0.0,0.5608231709597883,-0.005117233760535743,0.005117233760535743,0.0,0.5557640408216769,0.0,0.0,0.0,0.6392764308166565,0.002003846003198871,0.002003846003198871,0.272,0.9842970951743933,0.01703932176026321,0.9857016187563407,0.007427143898407267,0.9868979599197147,0.014972689227826224,0.5900618636967827
pattern_safe_candidates_20260622/q1_s2down_s4up,0.5935098503573509,0.5847787352024095,-0.002319900736024061,-0.008503471595924905,0.014803021056375515,0.6221954652602477,0.5891546622059328,0.006614920731023316,0.11028571428571429,0.152,0.5904038706991594,0.5801704821707023,0.6221954652602477,0.5905072267224976,0.5847787352024095,0.5984263840830734,0.001879180925109512,0.017820126062224766,0.5,0.6505980290149822,0.0,0.0,0.0,0.6385502921504717,0.0,0.0,0.0,0.48132484316497526,0.0,0.0,0.0,0.5596978426582061,-0.020468935042142956,0.020468935042142956,0.0,0.5557640408216769,0.0,0.0,0.0,0.6397212035481443,0.008015384012795487,0.008015384012795487,0.272,0.9889304713298176,0.013987430432948375,0.994457288407422,0.006297568105743753,0.9763587115476741,0.01722442640316712,0.5900932608806823
direction_gated_ablation_20260622/core_plus_s1_q2tiny_q3,0.5935870523177786,0.5798230618919676,-0.0022426987755963523,-0.013459144906366793,0.014681412085441072,0.6213160958404993,0.5892732201144751,0.0037049089699908422,0.012,0.021142857142857144,0.5922304465223768,0.5829069178067726,0.6213160958404993,0.5917249989909568,0.5798230618919676,0.599646734684004,-0.00936908344256825,0.00936908344256825,0.0,0.6506532065022738,0.0005529926347772891,0.0005529926347772891,0.008,0.6386635413201439,0.0009885936644600751,0.0009885936644600751,0.012,0.48192026507855235,-0.0015445348168980114,0.0015445348168980114,0.0,0.5585441664549102,-0.009201249105072414,0.009201249105072414,0.0,0.5557640408216769,0.0,0.0,0.0,0.6397205859397641,0.0042779091261598585,0.0042779091261598585,0.064,0.9850442164905674,0.019747401815578044,0.9952118692853938,0.003928212008759152,0.97665698406477,0.015317049056009023,0.590118437987847
direction_gated_ablation_20260622/core_plus_s1_q2q3,0.59349550571641,0.5791128759726945,-0.0023342453769650273,-0.01416933082563998,0.014610439886113257,0.6205258129788104,0.5892832511557498,0.004007698179369826,0.02057142857142857,0.021142857142857144,0.5928642360455447,0.582139775076284,0.6205258129788104,0.592805380398918,0.5791128759726945,0.599646734684004,-0.00936908344256825,0.00936908344256825,0.0,0.650723423791197,0.0026725171004301725,0.0026725171004301725,0.068,0.6386635413201439,0.0009885936644600751,0.0009885936644600751,0.012,0.48192026507855235,-0.0015445348168980114,0.0015445348168980114,0.0,0.5585441664549102,-0.009201249105072414,0.009201249105072414,0.0,0.5557640408216769,0.0,0.0,0.0,0.6397205859397641,0.0042779091261598585,0.0042779091261598585,0.064,0.9849925604691443,0.019924461069108425,0.9954087769358794,0.003603372954597721,0.9764472036629765,0.015619838265388007,0.5901340040954365
anchor,0.595829751093375,0.5932822067983344,0.0,0.0,0.01378462437451174,0.6224215044455317,0.5894908635370061,0.0,0.0,0.0,0.5926653685309619,0.5822111636648557,0.6224215044455317,0.5894162870220908,0.5932822067983344,0.5976921407331661,0.0,0.0,0.0,0.6505980290149822,0.0,0.0,0.0,0.6385502921504717,0.0,0.0,0.0,0.48132484316497526,0.0,0.0,0.0,0.5631355934747735,0.0,0.0,0.0,0.5557640408216769,0.0,0.0,0.0,0.639371105398998,0.0,0.0,0.0,0.9793055892490312,0.020602351163971692,0.9799775222686686,0.00687795246751382,0.9893608967471578,0.01190357108327487,0.5901800947557316
residual_submission_blend_ridge_logit_te_smoke/ridge_knn_blend_full,0.5943337491384246,0.5914031607154566,-0.0014960019549503656,-0.001879046082877811,0.01332316362756539,0.6193455329149797,0.5893116974301551,0.008109459706752494,0.3822857142857143,0.47485714285714287,0.5929582372205008,0.5792631281251497,0.6193455329149797,0.5893904874683831,0.5914031607154566,0.5992031334242484,0.0037897559225483343,0.02192027025693295,0.544,0.6507550238510955,-0.001730209016017761,0.002946781661154673,0.344,0.6385502921504717,0.0,0.0,0.0,0.4813251655340687,-0.000878675077347818,0.0017254669244495292,0.428,0.5598345506778901,-0.005667871459205237,0.015942615551543964,0.42,0.5560358738561342,-0.0006543203551961914,0.0076667017312053685,0.488,0.6394778425171774,-0.001185193478338155,0.006564381821980972,0.452,0.9894924559888304,0.017783225179190877,0.9875921181691755,0.011370159813902016,0.9796063724833304,0.01824765502577319,0.5902211394027359
residual_single_model_opt_ridge_logit_te_smoke/ridge_residual_full,0.5943428548974714,0.591565403214784,-0.0014868961959035865,-0.0017168035835504192,0.01326193809296243,0.6191732289543177,0.5893445048110318,0.008617094862433387,0.3822857142857143,0.47485714285714287,0.5932202829950738,0.5792690317861108,0.6191732289543177,0.5891711264346974,0.591565403214784,0.5992031334242484,0.0037897559225483378,0.02192027025693295,0.544,0.6507550238510955,-0.001730209016017761,0.002946781661154673,0.344,0.6385502921504717,-4.8849813083506885e-18,1.3766765505351941e-17,0.0,0.4813251655340687,-0.000878675077347818,0.0017254669244495292,0.428,0.5598345506778901,-0.005667871459205237,0.015942615551543964,0.42,0.5561832716738803,-0.0008406327893465073,0.009583501793542986,0.488,0.6395600963655685,-0.0014822034214303935,0.008201027849409594,0.452,0.989641362738939,0.017676087286362656,0.9874099516586988,0.011792219755480572,0.9793731598824761,0.018722705171902054,0.590266114561553
pattern_safe_candidates_20260622/q1_only,0.5954787538310197,0.5915717688691956,-0.0003509972623553237,-0.0017104379291388305,0.013833405965326733,0.6222772314483442,0.5895957554441358,0.002545732294603538,0.07142857142857142,0.07142857142857142,0.5914669730677351,0.5817480465279372,0.6222772314483442,0.5911319541444593,0.5915717688691956,0.5984263840830734,0.001879180925109512,0.017820126062224766,0.5,0.6505980290149822,0.0,0.0,0.0,0.6385502921504717,0.0,0.0,0.0,0.48132484316497526,0.0,0.0,0.0,0.5631355934747735,0.0,0.0,0.0,0.5557640408216769,0.0,0.0,0.0,0.639371105398998,0.0,0.0,0.0,0.9804168644387558,0.01805661886936815,0.9804275858874724,0.007893031461102457,0.9881295009566259,0.014449303377878408,0.5903637977112403
pattern_safe_candidates_20260622/q1_s4up_only,0.5945397305908359,0.5900759832084426,-0.0012900205025391243,-0.0032062235898918656,0.014175087471065556,0.6218683900123911,0.5896457694654424,0.0036907871535743217,0.11028571428571429,0.07142857142857142,0.590334544774586,0.5800970045919984,0.6218683900123911,0.5911142055012151,0.5900759832084426,0.5984263840830734,0.001879180925109512,0.017820126062224766,0.5,0.6505980290149822,0.0,0.0,0.0,0.6385502921504717,0.0,0.0,0.0,0.48132484316497526,0.0,0.0,0.0,0.5631355934747735,0.0,0.0,0.0,0.5557640408216769,0.0,0.0,0.0,0.6397212035481443,0.008015384012795487,0.008015384012795487,0.272,0.9814852140989233,0.01691156401039737,0.9814159880100303,0.007092490370778971,0.9871755338274347,0.01549474031355528,0.590465247453603
pattern_safe_candidates_20260622/q1_s2full_s4up,0.5934268617429345,0.5857436334614184,-0.002402889350440529,-0.007538573336915988,0.014863963496049827,0.6222430711220766,0.5896244776104199,0.008200472698819202,0.17257142857142857,0.152,0.5907974445642133,0.579584984490631,0.6222430711220766,0.5893241522979064,0.5857436334614184,0.5984263840830734,0.001879180925109512,0.017820126062224766,0.5,0.6505980290149822,0.0,0.0,0.0,0.6385502921504717,0.0,0.0,0.0,0.48132484316497526,0.0,0.0,0.0,0.5629865504896154,-0.009370071267571752,0.03156779881671416,0.436,0.5557640408216769,0.0,0.0,0.0,0.6397212035481443,0.008015384012795487,0.008015384012795487,0.272,0.9923228145762596,0.012401878465152493,0.9913707947007102,0.00788312007353964,0.9723397689429358,0.017845315186738764,0.590613689966187
residual_single_model_opt_hist_gb/hist_gb_residual_full,0.5949995983605376,0.5921662972907598,-0.0008301527328373748,-0.001115909507574675,0.013652022062298305,0.6213886600492683,0.5899073390277446,0.007152297719654753,0.10228571428571429,0.3262857142857143,0.5915273588368921,0.5814818931915419,0.6213886600492683,0.5892695663544693,0.5921662972907598,0.5976921407331661,0.0,0.0,0.0,0.6505980290149822,0.0,0.0,0.0,0.6385502921504717,0.0,0.0,0.0,0.48243400159588695,-0.01199291267069979,0.01199291267069979,0.0,0.5640064697249632,-0.018481915685056215,0.020115134615267174,0.156,0.5566993345757435,0.00023553684090042503,0.017958036751616297,0.56,0.639371105398998,0.0,0.0,0.0,0.9794825876794083,0.02001962118589935,0.9804270351440951,0.012643399713689218,0.986231639600863,0.015709319157912457,0.5908045090624492
residual_submission_blend_ridge_logit_te_smoke/ridge_knn_blend_composite,0.5957753241775018,0.5870247926960112,-5.4426915873206916e-05,-0.006257414102323278,0.014025129197815756,0.621116597551676,0.5898995392139922,0.010618353631682015,0.31257142857142856,0.4017142857142857,0.5968292816631954,0.5795850756487847,0.621116597551676,0.5945330140013676,0.5870247926960112,0.5992031334242484,0.0037897559225483343,0.02192027025693295,0.544,0.6505980290149822,-3.996802888650563e-18,1.3322676295501878e-17,0.0,0.6385502921504717,0.0,0.0,0.0,0.4813647717765682,-0.001540760859251373,0.0022334534813723775,0.336,0.5636021799388966,-0.01625681026923988,0.03127865521154414,0.356,0.556280882722458,-0.0010508493412086204,0.006743253775917218,0.484,0.6396974854703198,-0.0022905104189843914,0.012152842696007398,0.468,0.983613307299804,0.020339979136463487,0.9834582749289947,0.013281631028876802,0.9804771993600047,0.019533134529383572,0.5909193462828335
direction_gated_search_20260622/precision60_move03,0.5946854234820202,0.5765350665848726,-0.0011443276113547451,-0.016747140213461797,0.016150970466548262,0.623009462660432,0.589804324876144,0.01028251185853114,0.13485714285714287,0.15657142857142858,0.5950363124682484,0.5817300372496967,0.623009462660432,0.5968378474601199,0.5765350665848726,0.600344374346983,0.001018294767312786,0.029824825441675373,0.472,0.6510688127114401,0.006757144315666478,0.006757144315666478,0.164,0.6386635413201439,0.0009885936644600751,0.0009885936644600751,0.012,0.48141899110541536,-0.0007287368384388915,0.0007287368384388915,0.0,0.5616176755279846,-0.02521139365720494,0.02521139365720494,0.0,0.5557640408216769,0.0,0.0,0.0,0.6397528382993646,0.008466889092272214,0.008466889092272214,0.296,0.9873391139789921,0.017616947217222716,0.9942786026463686,0.00728101560711509,0.9694559145359375,0.02070948094670423,0.5909203487552274
residual_submission_blend_ridge_logit_te_full/ridge_knn_blend_full,0.5937225202439913,0.5917995881413034,-0.00210723084938369,-0.0014826186570310318,0.013422134040563614,0.6185065302503465,0.5899782304552127,0.010602210080501473,0.388,0.46914285714285714,0.5934649117347908,0.5781342569684098,0.6185065302503465,0.5874089061189494,0.5917995881413034,0.5986238095141319,0.003806885296954707,0.015065978175275562,0.584,0.6528403128577266,-0.005997152224775209,0.012761232991664588,0.392,0.6385502921504717,0.0,0.0,0.0,0.48207541875641857,-0.003978734201193455,0.008418752740460143,0.412,0.5598231424683008,-0.003163709612917691,0.01321139939079244,0.52,0.5566968850064113,-0.006407985493299503,0.011961127372384325,0.324,0.6412377524330282,-0.000829896984730147,0.012796979892933238,0.484,0.9835894941244576,0.019845011042731488,0.9821717523115792,0.014447576488596885,0.9785181704890252,0.020071167971173687,0.5909674034596559
residual_single_model_opt_ridge_logit_te_full/ridge_residual_full,0.5937259004584924,0.5915783930819647,-0.002103850634882609,-0.0017038137163697398,0.013511841300028303,0.6186435298677131,0.5900119117951828,0.011047958160505656,0.388,0.46914285714285714,0.5937752909187604,0.5780556106444784,0.6186435298677131,0.5872543731875386,0.5915783930819647,0.5986238095141319,0.003806885296954707,0.015065978175275562,0.584,0.6528403128577266,-0.005997152224775209,0.012761232991664588,0.392,0.6385502921504717,-4.8849813083506885e-18,1.3766765505351941e-17,0.0,0.48207541875641857,-0.003978734201193455,0.008418752740460143,0.412,0.560058911848091,-0.003864918358064694,0.01633163595082172,0.52,0.5566968850064113,-0.006407985493299503,0.011961127372384325,0.324,0.6412377524330282,-0.000829896984730147,0.012796979892933238,0.484,0.9842480402622682,0.019669104098225643,0.982634762360396,0.014572381582799178,0.976535844689891,0.020266640746337064,0.5910189426049993
pattern_safe_candidates_20260622/q1_s2down_s4full,0.5932837793178657,0.585600815844418,-0.0025459717755093036,-0.0076813909539164005,0.014773799957248803,0.6212872045019564,0.5899869026270927,0.011672012927192587,0.11028571428571429,0.256,0.5912544395298548,0.5778382451279832,0.6212872045019564,0.5909440141550462,0.585600815844418,0.5984263840830734,0.001879180925109512,0.017820126062224766,0.5,0.6505980290149822,0.0,0.0,0.0,0.6385502921504717,0.0,0.0,0.0,0.48132484316497526,0.0,0.0,0.0,0.5596978426582061,-0.020468935042142956,0.020468935042142956,0.0,0.5557640408216769,0.0,0.0,0.0,0.645546886496263,-0.02738426136038941,0.04341502938598039,0.272,0.993596601251053,0.008930338236779104,0.9893350943403629,0.011354660301913023,0.9720867610065547,0.021980254110697064,0.5910757530127709
direction_gated_search_20260622/precision55_lowrisk,0.5911252423666499,0.5746944421762812,-0.004704508726725121,-0.01858776462205325,0.015293753448948743,0.6189520832995352,0.5902175629348271,0.0065169806773336635,0.10628571428571429,0.026857142857142857,0.5938269088627006,0.5812432884134002,0.6189520832995352,0.5866247534293783,0.5746944421762812,0.599646734684004,-0.00936908344256825,0.00936908344256825,0.0,0.6507967780496403,0.006541999378254896,0.006541999378254896,0.436,0.6386635413201439,0.0009885936644600751,0.0009885936644600751,0.012,0.481400079930618,-0.0006724476754752355,0.0006724476754752355,0.0,0.5654989274383425,-0.01957985148830497,0.01957985148830497,0.0,0.5557640408216769,0.0,0.0,0.0,0.6397528382993646,0.008466889092272214,0.008466889092272214,0.296,0.9840569882196972,0.02001670174360726,0.9948298227187199,0.0036493138532621462,0.9656459686944401,0.017932092561871848,0.5911777600275945
residual_submission_blend_ridge_logit_te_full/ridge_knn_blend_composite,0.5961283088404089,0.5880131388573159,0.0002985577470339118,-0.005269067941018557,0.014255715781256109,0.6223491580394624,0.5905080217325924,0.012158702969026092,0.452,0.548,0.5983184333259989,0.5807726581746705,0.6223491580394624,0.5914212440436765,0.5880131388573159,0.5991907868864523,0.0020348982864704544,0.01357932365221361,0.564,0.6527354998169237,-0.006223123392169637,0.013413453173338979,0.388,0.6387037533278958,-0.0010774281755041753,0.004150656238232967,0.46,0.4821308359134805,-0.0040547557321557225,0.009085460718849948,0.42,0.5641914998663019,-0.010709168874771843,0.026710207702233042,0.436,0.5566151258934088,-0.0016494094404255946,0.00883666161715986,0.44,0.6399886504236839,-0.0020726197006913395,0.009335157681154239,0.456,0.9852841015102096,0.019715633038314646,0.9834226041377881,0.014621273454008904,0.9710084403305549,0.020118767095665003,0.5916900638221878
public_aware_stack_blend_20260622/target_select_public_tight_logit_anchorblend_w0p65,0.5924651189174063,0.5772998516829044,-0.003364632175968718,-0.015982355115430003,0.015172121840020597,0.62026808671914,0.590967102421355,0.004831730414702988,0.12114285714285715,0.09885714285714285,0.5936281700115834,0.5805209699067773,0.62026808671914,0.5904740667679604,0.5772998516829044,0.5980479658802088,-0.0029778462385125315,0.005982133826835291,0.472,0.6506261520553994,0.001745921281815894,0.0017459212818159119,0.068,0.6385733665993271,0.0006677589984953387,0.0006677589984953578,0.012,0.48153969256082796,-0.0009706288918861934,0.0009706288918862138,0.0,0.5728478450522295,-0.01883584065092745,0.018835840650927475,0.0,0.5557640408216769,-3.241851231905457e-17,3.241851231905457e-17,0.0,0.6393706539798154,0.0056198292529606245,0.0056198292529606435,0.296,0.9863342041598337,0.018743209375953702,0.9988448355714642,0.002046222052810864,0.9716291396449347,0.015989493788635553,0.5918706604257972
public_aware_stack_blend_20260622/target_select_public_aggressive_logit_anchorblend_w0p65,0.5929813253729713,0.5765928925160045,-0.002848425720403669,-0.016689314282329892,0.015355128055201063,0.6204958986567081,0.590984376538095,0.005215961596334446,0.13485714285714287,0.09885714285714285,0.5946226286490176,0.580733906010315,0.6204958986567081,0.592215673665836,0.5765928925160045,0.5980479658802088,-0.0029778462385125315,0.005982133826835291,0.472,0.6507470708725793,0.004435539553236101,0.004435539553236118,0.164,0.6385733665993271,0.0006677589984953387,0.0006677589984953578,0.012,0.48153969256082796,-0.0009706288918861934,0.0009706288918862138,0.0,0.5728478450522295,-0.01883584065092745,0.018835840650927475,0.0,0.5557640408216769,-3.241851231905457e-17,3.241851231905457e-17,0.0,0.6393706539798154,0.0056198292529606245,0.0056198292529606435,0.296,0.9862821603870721,0.018994512447126063,0.9984952051580446,0.00267933864013686,0.9714145967370755,0.016373724970267015,0.5919086117887451
public_aware_stack_blend_20260622/target_select_public_balanced_logit_anchorblend_w0p65,0.5929813253729713,0.5765928925160045,-0.002848425720403669,-0.016689314282329892,0.015355128055201063,0.6204958986567081,0.590984376538095,0.005215961596334446,0.13485714285714287,0.09885714285714285,0.5946226286490176,0.580733906010315,0.6204958986567081,0.592215673665836,0.5765928925160045,0.5980479658802088,-0.0029778462385125315,0.005982133826835291,0.472,0.6507470708725793,0.004435539553236101,0.004435539553236118,0.164,0.6385733665993271,0.0006677589984953387,0.0006677589984953578,0.012,0.48153969256082796,-0.0009706288918861934,0.0009706288918862138,0.0,0.5728478450522295,-0.01883584065092745,0.018835840650927475,0.0,0.5557640408216769,-3.241851231905457e-17,3.241851231905457e-17,0.0,0.6393706539798154,0.0056198292529606245,0.0056198292529606435,0.296,0.9862821603870721,0.018994512447126063,0.9984952051580446,0.00267933864013686,0.9714145967370755,0.016373724970267015,0.5919086117887451
residual_single_model_opt_ridge_logit_te_smoke/ridge_residual_composite,0.5972269044138676,0.5867228165982367,0.0013971533204926168,-0.00655939020009777,0.014665542456970979,0.6231252284241705,0.5905741112758848,0.011629378806872316,0.30114285714285716,0.41314285714285715,0.5990462127455143,0.580167662632593,0.6231252284241705,0.5971538457546537,0.5867228165982367,0.5992031334242484,0.0037897559225483378,0.02192027025693295,0.544,0.6505980290149822,-3.996802888650563e-18,1.3322676295501878e-17,0.0,0.6385502921504717,-4.8849813083506885e-18,1.3766765505351941e-17,0.0,0.4813886726396159,-0.0019259510740642612,0.002791816851715482,0.336,0.5686163829120943,-0.021958546551566226,0.04176797744624492,0.368,0.5559647833194612,-0.0011050320415408274,0.0027727443972054414,0.392,0.6396974854703198,-0.0022905104189843914,0.012152842696007398,0.468,0.9775561140407358,0.02177236981364879,0.9782852935547074,0.01415675114493478,0.9781326089217532,0.02014276018006579,0.5921452734251119
constrained_target_blend_logit_newton/last_guard_0,0.588583775040563,0.5862742986751225,-0.007245976052811964,-0.007007908123211948,0.015276957680008037,0.6173609845769665,0.5908499399604548,0.018714736237639897,0.3394285714285714,0.5177142857142857,0.5870836945598218,0.572012739051177,0.6173609845769665,0.5810495219918103,0.5862742986751225,0.5984263840830734,0.001879180925109512,0.017820126062224766,0.5,0.6506855258808826,-0.0011431328798799302,0.0025757738244437515,0.432,0.6385502921504717,0.0,0.0,0.0,0.482639797512608,-0.014671059333798475,0.01641216581464851,0.168,0.5629865504896154,-0.009370071267571752,0.03156779881671416,0.436,0.5571141431102694,0.003106642291518447,0.019212259759467713,0.568,0.645546886496263,-0.02738426136038941,0.04341502938598039,0.272,0.9993952677995209,0.0026684868967757243,0.9846521217921034,0.018145255404581593,0.9658990911044568,0.02689720244792581,0.5921752299315843
constrained_target_blend_logit_newton/positive_last_penalty_a1,0.5885832970690948,0.5862893647648393,-0.007246454024280147,-0.00699284203349515,0.015322622603979262,0.6174626650795233,0.5908949968685645,0.018872650192371086,0.3405714285714286,0.5165714285714286,0.587068122306353,0.5720321705712985,0.6174626650795233,0.5809315825054021,0.5862893647648393,0.5984263840830734,0.001879180925109512,0.017820126062224766,0.5,0.6506855258808826,-0.0011431328798799302,0.0025757738244437515,0.432,0.6385502921504717,0.0,0.0,0.0,0.482639797512608,-0.014671059333798475,0.01641216581464851,0.168,0.5629865504896154,-0.009370071267571752,0.03156779881671416,0.436,0.5574295414670376,0.0023976974648797214,0.02031765744258604,0.576,0.645546886496263,-0.02738426136038941,0.04341502938598039,0.272,0.9991830378763007,0.002894499448917905,0.9843987418534739,0.018303169359312782,0.9656509042816372,0.027055116402657,0.5922273075045346
constrained_target_blend_logit_newton/last_guard_0p002,0.5884112776867896,0.5869748741800375,-0.007418473406585413,-0.006307332618296968,0.015269845599636919,0.6171244922066451,0.5909148643836625,0.01925128706596893,0.32971428571428574,0.5274285714285715,0.5865209367185579,0.5718847978381276,0.6171244922066451,0.5804862609674145,0.5869748741800375,0.5984263840830734,0.001879180925109512,0.017820126062224766,0.5,0.6506630277477807,-0.0012128791012614056,0.0030720721820268414,0.392,0.6385502921504717,0.0,0.0,0.0,0.4831581631578698,-0.01823437799646636,0.019681754199442413,0.136,0.5629865504896154,-0.009370071267571752,0.03156779881671416,0.436,0.5570727465605633,0.0033763626263627238,0.01920222881539396,0.572,0.645546886496263,-0.02738426136038941,0.04341502938598039,0.272,0.9996158027452534,0.0018367473094758877,0.9843745683023248,0.018709392983691366,0.9657315903204159,0.027269422879098077,0.5922558952756234
constrained_target_blend_logit_newton/last_guard_0p004,0.5883458200078129,0.5871811061024399,-0.007483931085562112,-0.006101100695894535,0.01528118287609908,0.6170334227947747,0.590928133416966,0.019580437656900377,0.32971428571428574,0.5274285714285715,0.5863540589143437,0.5717285320107276,0.6170334227947747,0.580388480978345,0.5871811061024399,0.5984263840830734,0.001879180925109512,0.017820126062224766,0.5,0.6507559109809051,-0.0021225384272074445,0.005376126318546968,0.392,0.6385502921504717,0.0,0.0,0.0,0.4831581631578698,-0.01823437799646636,0.019681754199442413,0.136,0.5629865504896154,-0.009370071267571752,0.03156779881671416,0.436,0.5570727465605633,0.0033763626263627238,0.01920222881539396,0.572,0.645546886496263,-0.02738426136038941,0.04341502938598039,0.272,0.9997105151743639,0.0015075967185444411,0.9843473141874958,0.019000368546027546,0.9657044357155419,0.027598573470029523,0.592279605690478
constrained_target_blend_logit_newton/last_guard_0p006,0.5877737679674419,0.5881024812549815,-0.008055983125933142,-0.005179725543352887,0.015387089051249737,0.6163093111203622,0.5909867981028576,0.020273200573040242,0.33371428571428574,0.5234285714285715,0.5857212059979161,0.5707911191192181,0.6163093111203622,0.578997350444315,0.5881024812549815,0.5984263840830734,0.001879180925109512,0.017820126062224766,0.5,0.6508867473918094,-0.003032197753153494,0.007680180455067099,0.392,0.6385502921504717,0.0,0.0,0.0,0.4831581631578698,-0.01823437799646636,0.019681754199442413,0.136,0.5629865504896154,-0.009370071267571752,0.03156779881671416,0.436,0.5573525629509009,0.005413661020724857,0.02174751509185289,0.6,0.645546886496263,-0.02738426136038941,0.04341502938598039,0.272,0.9999812982505364,0.00032915059093144663,0.9839506247618159,0.01965495643357214,0.9653095179858859,0.02829133638616939,0.5923643485726112
constrained_target_blend_logit_newton/positive_last_penalty_a0p25,0.5878369701001626,0.5877451996535964,-0.007992780993212434,-0.005537007144738038,0.015353790064387257,0.6163324470180812,0.590990985246521,0.02026335937909683,0.336,0.5211428571428571,0.586003503858545,0.5707590692960076,0.6163324470180812,0.5793585831255809,0.5877451996535964,0.5984263840830734,0.001879180925109512,0.017820126062224766,0.5,0.6509003608130398,-0.0032656713070873733,0.007567930695146651,0.408,0.6385502921504717,0.0,0.0,0.0,0.4831738597422832,-0.018324034946267633,0.01972511560175894,0.136,0.5629865504896154,-0.009370071267571752,0.03156779881671416,0.436,0.5573525629509009,0.005413661020724857,0.02174751509185289,0.6,0.645546886496263,-0.02738426136038941,0.04341502938598039,0.272,0.9999018310414675,0.0005552561401908741,0.9839562919901532,0.019618267726718226,0.9653109361613016,0.028271563249292406,0.5923665755311133
constrained_target_blend_logit_newton/positive_last_penalty_a0p5,0.5879108823365706,0.5874987580795304,-0.007918868756804365,-0.005783448718803985,0.015321444961169418,0.6163491048933327,0.5910006941086134,0.02020538676100134,0.3325714285714286,0.5245714285714286,0.5862796718830213,0.5707627890173292,0.6163491048933327,0.579646140160653,0.5874987580795304,0.5984263840830734,0.001879180925109512,0.017820126062224766,0.5,0.6509683228476867,-0.0032133616410512443,0.007162122368478233,0.384,0.6385502921504717,0.0,0.0,0.0,0.4831738597422832,-0.018324034946267633,0.01972511560175894,0.136,0.5629865504896154,-0.009370071267571752,0.03156779881671416,0.436,0.5573525629509009,0.005413661020724857,0.02174751509185289,0.6,0.645546886496263,-0.02738426136038941,0.04341502938598039,0.272,0.9997392329526608,0.0008035181929818327,0.9838927268801221,0.019545854378307415,0.9652379039611315,0.028213590631196918,0.5923729279595019
constrained_target_blend_logit_newton/last_guard_0p008,0.5877428185972132,0.5883827174386382,-0.00808693249616177,-0.004899489359696196,0.015408096066997598,0.6162506670781969,0.5910109382850829,0.020602351163971692,0.33371428571428574,0.5234285714285715,0.5855750976741907,0.5706684943783892,0.6162506670781969,0.5789144111659216,0.5883827174386382,0.5984263840830734,0.001879180925109512,0.017820126062224766,0.5,0.6510557286673859,-0.003941857079099541,0.009984234591587225,0.392,0.6385502921504717,0.0,0.0,0.0,0.4831581631578698,-0.01823437799646636,0.019681754199442413,0.136,0.5629865504896154,-0.009370071267571752,0.03156779881671416,0.436,0.5573525629509009,0.005413661020724857,0.02174751509185289,0.6,0.645546886496263,-0.02738426136038941,0.04341502938598039,0.272,1.0,0.0,0.9838489214798077,0.01994593199590832,0.965209326232765,0.02862048697710083,0.5923994136233519
constrained_target_blend_logit_newton/positive_last_penalty_a0p75,0.5884956903655248,0.5866764248311557,-0.007334060727850145,-0.006605781967178759,0.015244352937922529,0.6170597439338374,0.591050608759675,0.020265383117294845,0.32971428571428574,0.5274285714285715,0.5869896277861072,0.5716221386225172,0.6170597439338374,0.5810184377289119,0.5866764248311557,0.5984263840830734,0.001879180925109512,0.017820126062224766,0.5,0.6512407468889806,-0.0040707113009611825,0.009011954511799636,0.388,0.6385502921504717,0.0,0.0,0.0,0.4831738597422832,-0.018324034946267633,0.01972511560175894,0.136,0.5629865504896154,-0.009370071267571752,0.03156779881671416,0.436,0.5574295414670376,0.0023976974648797214,0.02031765744258604,0.576,0.645546886496263,-0.02738426136038941,0.04341502938598039,0.272,0.9991066214896788,0.0018886918938144372,0.9837540066983722,0.019554649387518254,0.9650960956396832,0.02827358698749043,0.5924207879000899
constrained_target_blend_logit_newton/full,0.5877322134657693,0.5887168320908297,-0.008097537627605678,-0.004565374707504732,0.015432106096330486,0.6162080601647535,0.5910405671125901,0.020931501754903138,0.33371428571428574,0.5234285714285715,0.5854393667774792,0.5705624563392522,0.6162080601647535,0.5788388205125815,0.5887168320908297,0.5984263840830734,0.001879180925109512,0.017820126062224766,0.5,0.651263130459937,-0.004851516405045566,0.012288288728107359,0.392,0.6385502921504717,0.0,0.0,0.0,0.4831581631578698,-0.01823437799646636,0.019681754199442413,0.136,0.5629865504896154,-0.009370071267571752,0.03156779881671416,0.436,0.5573525629509009,0.005413661020724857,0.02174751509185289,0.6,0.645546886496263,-0.02738426136038941,0.04341502938598039,0.272,0.9999813135584845,0.00032915059093144766,0.9837104830299922,0.020236907558244498,0.9650730954511528,0.02894963756803228,0.5924401174700538
residual_submission_blend_ridge_logit_newton/ridge_knn_blend_full,0.5877322134657693,0.5887168320908297,-0.008097537627605678,-0.004565374707504732,0.015432106096330486,0.6162080601647535,0.5910405671125901,0.020931501754903138,0.33371428571428574,0.5234285714285715,0.5854393667774792,0.5705624563392522,0.6162080601647535,0.5788388205125815,0.5887168320908297,0.5984263840830734,0.001879180925109512,0.017820126062224766,0.5,0.651263130459937,-0.004851516405045566,0.012288288728107359,0.392,0.6385502921504717,0.0,0.0,0.0,0.4831581631578698,-0.01823437799646636,0.019681754199442413,0.136,0.5629865504896154,-0.009370071267571752,0.03156779881671416,0.436,0.5573525629509009,0.005413661020724857,0.02174751509185289,0.6,0.645546886496263,-0.02738426136038941,0.04341502938598039,0.272,0.9999813135584845,0.00032915059093144766,0.9837104830299922,0.020236907558244498,0.9650730954511528,0.02894963756803228,0.5924401174700538
residual_submission_blend_ridge_logit_te_smoke/ridge_knn_blend_last,0.5975023292142486,0.5865880954463176,0.0016725781208736246,-0.006694111352016807,0.014725601246903032,0.6232460094806292,0.5907555840836262,0.01328076360730944,0.316,0.3982857142857143,0.5995477852597696,0.5802398440886182,0.6232460094806292,0.597929074587222,0.5865880954463176,0.5992031334242484,0.0037897559225483343,0.02192027025693295,0.544,0.6505980290149822,-3.996802888650563e-18,1.3322676295501878e-17,0.0,0.6385502921504717,0.0,0.0,0.0,0.4813886726396159,-0.0019259510740642612,0.002791816851715482,0.336,0.5686163829120943,-0.021958546551566226,0.04176797744624492,0.368,0.5572350929736506,-0.0011582649648540272,0.014332438000265324,0.496,0.6396974854703198,-0.0022905104189843914,0.012152842696007398,0.468,0.9766521997273144,0.022726329090197735,0.9775363289706828,0.015808135945371907,0.9773238039936025,0.021794144980502916,0.5924756893964963
residual_single_model_opt_hist_gb/hist_gb_residual_composite,0.5971528194395407,0.5868642846759577,0.00132306834616569,-0.006417922122376685,0.014195541495216792,0.6229599471036915,0.5909756008725479,0.01287719692610563,0.11942857142857143,0.30914285714285716,0.5973930210432307,0.5818038367586915,0.6229599471036915,0.5969048688029028,0.5868642846759577,0.5976921407331661,0.0,0.0,0.0,0.6519883745757938,0.0056658750312809595,0.021546394082859497,0.652,0.6385502921504717,0.0,0.0,0.0,0.48132484316497526,0.0,0.0,0.0,0.5693317769176609,-0.041584310291376485,0.04525905288435115,0.156,0.5585706731667701,-0.023190571350789127,0.023334931515528748,0.028,0.639371105398998,0.0,0.0,0.0,0.9731395250970942,0.02605720655071266,0.9775711884009967,0.016286986826860146,0.9785418332024397,0.021703221334457765,0.5925347677762498
constrained_target_blend_logit_newton/tradeoff_cap_a0p25,0.5882711842271381,0.5849415668379857,-0.007558566866236904,-0.008340639960348728,0.015421067692091216,0.6173074089926701,0.591199479787511,0.020287021387198827,0.3497142857142857,0.5074285714285715,0.5868884975100135,0.5712004293752038,0.6173074089926701,0.5818164988245448,0.5849415668379857,0.599812733097395,0.0017269252762168526,0.027129916123253613,0.488,0.6509003608130398,-0.0032656713070873733,0.007567930695146651,0.408,0.6385502921504717,0.0,0.0,0.0,0.4822191587954559,-0.011125664432903824,0.01333990351434893,0.216,0.566748645151278,-0.011244764086932334,0.039178023227477536,0.44,0.5573525629509009,0.005413661020724857,0.02174751509185289,0.6,0.6428126055540352,-0.01852149860784693,0.03304586105831216,0.296,0.9982380350011408,0.006289070254838545,0.9857959028060375,0.018207358961148657,0.9615058013087864,0.02848762641431273,0.5925791438137316
constrained_target_blend_logit_newton/tradeoff_cap_a0p35,0.588345096463546,0.5846951252639195,-0.007484654629828946,-0.008587081534414898,0.015408709018085802,0.6173240668679216,0.5912091886496035,0.02022904876910334,0.3462857142857143,0.5108571428571429,0.5871646655344899,0.5712041490965254,0.6173240668679216,0.5821040558596168,0.5846951252639195,0.599812733097395,0.0017269252762168526,0.027129916123253613,0.488,0.6509683228476867,-0.0032133616410512443,0.007162122368478233,0.384,0.6385502921504717,0.0,0.0,0.0,0.4822191587954559,-0.011125664432903824,0.01333990351434893,0.216,0.566748645151278,-0.011244764086932334,0.039178023227477536,0.44,0.5573525629509009,0.005413661020724857,0.02174751509185289,0.6,0.6428126055540352,-0.01852149860784693,0.03304586105831216,0.296,0.9980778614894658,0.006537332307629504,0.9857336212676382,0.01813494561273785,0.9614351069732598,0.02842965379621724,0.5925864955635809
constrained_target_blend_logit_newton/tradeoff_cap_a0p15,0.5878979524532022,0.5866303472928861,-0.007931798640172794,-0.006651859505448332,0.015405233107114655,0.6167034775677716,0.5912171529715607,0.020919323605098905,0.3382857142857143,0.5188571428571429,0.5860813013611408,0.5707557796148043,0.6167034775677716,0.5802647635585297,0.5866303472928861,0.5991756462884369,0.0019674108647094305,0.023397906451322385,0.496,0.6508867473918094,-0.003032197753153494,0.007680180455067099,0.392,0.6385502921504717,0.0,0.0,0.0,0.482639797512608,-0.014671059333798475,0.01641216581464851,0.168,0.5649866261708244,-0.010451854842884665,0.03595877750496825,0.444,0.5573525629509009,0.005413661020724857,0.02174751509185289,0.6,0.6449283983358732,-0.025409267756796895,0.04123871991783319,0.268,0.9996107503101692,0.0030087553238340387,0.9844603544663545,0.019429224948787537,0.9624495589533029,0.028974514283008422,0.5926149943350695
residual_single_model_opt_ridge_logit_newton/ridge_residual_full,0.5878097385311384,0.5900889295851034,-0.008020012562236611,-0.0031932772132310383,0.015406195045816135,0.6159485042257183,0.5913163896256098,0.022496377941934903,0.332,0.5251428571428571,0.5851998764392192,0.5706907511532828,0.6159485042257183,0.5783132784147335,0.5900889295851034,0.5984263840830734,0.001879180925109512,0.017820126062224766,0.5,0.6516000912360432,-0.006064395506306983,0.0153603609101342,0.392,0.6385502921504717,-4.8849813083506885e-18,1.3766765505351941e-17,0.0,0.4847519599729012,-0.02661556696490338,0.027563815326637917,0.124,0.5629865504896154,-0.009370071267571752,0.03156779881671416,0.436,0.5573525629509009,0.005413661020724857,0.02174751509185289,0.6,0.645546886496263,-0.02738426136038941,0.04341502938598039,0.272,0.9996962136919286,0.0019992264138106604,0.9824393475217862,0.021774678094819797,0.9640430867144205,0.030215332775349976,0.5927615907161586
residual_submission_blend_ridge_logit_te_full/ridge_knn_blend_last,0.5971024001230265,0.5876221710320783,0.001272649029651518,-0.005660035766256177,0.014545893901965003,0.6234520969140315,0.5912266799530725,0.013634286283311708,0.4462857142857143,0.5537142857142857,0.6003800771027699,0.5815090663989528,0.6234520969140315,0.5926481167267327,0.5876221710320783,0.5997305111613582,0.001591901533849411,0.01417199927111613,0.564,0.6531832912419654,-0.00627961618401824,0.014381174105672922,0.396,0.638792129184998,-0.001346785219380208,0.0051883202977912055,0.46,0.4825988561852502,-0.005068444665194694,0.011356825898562439,0.42,0.5678896758368797,-0.014255370024209055,0.03268278204588994,0.42,0.5566151258934088,-0.0016494094404255946,0.00883666161715986,0.44,0.6397771701676483,-0.0024449240117267327,0.008822240746989455,0.424,0.9843504051814111,0.020187512877527347,0.9825808438227749,0.015494927364728333,0.9676957595636928,0.021059306680179368,0.5928084303970481
public_aware_stack_blend_20260622/target_select_public_tight_logit_anchorblend_w0p8,0.5924051047798972,0.5750711155374547,-0.0034246463134778304,-0.01821109126087972,0.01560955625637334,0.6202813622952131,0.5918792831301808,0.005708757382554143,0.12114285714285715,0.09885714285714285,0.594234287657929,0.5807252454741948,0.6202813622952131,0.5914092064025975,0.5750711155374547,0.5982965321192034,-0.0036731808865406866,0.007361272995480503,0.472,0.6506608636308231,0.0021443375578397137,0.0021443375578397315,0.068,0.638605791467441,0.0008086414219815842,0.0008086414219816025,0.012,0.4816787107167634,-0.001213496706889971,0.001213496706889993,0.0,0.5786458017375397,-0.021578094606920034,0.021578094606920048,0.0,0.5557640408216769,-3.241851231905457e-17,3.241851231905457e-17,0.0,0.6395032414178179,0.006855458388767071,0.006855458388767091,0.296,0.9855441986017642,0.01919611393016543,0.9996239010721607,0.0011691950849597108,0.969196350792743,0.01682017954484659,0.592831023664476
residual_single_model_opt_ridge_logit_te_full/ridge_residual_composite,0.5972765213610982,0.5877591758506154,0.0014467702677232186,-0.005523030947718999,0.014529154192287676,0.6236145618457776,0.5911977749989508,0.013382330902342511,0.4297142857142857,0.5702857142857143,0.6006121289256557,0.5818214301989677,0.6236145618457776,0.5926694596342867,0.5877591758506154,0.5997305111613582,0.001591901533849411,0.01417199927111613,0.564,0.6531832912419654,-0.00627961618401824,0.014381174105672922,0.396,0.638792129184998,-0.001346785219380208,0.0051883202977912055,0.46,0.4825988561852502,-0.005068444665194694,0.011356825898562439,0.42,0.5678896758368797,-0.014255370024209055,0.03268278204588994,0.42,0.5565965526167665,-0.002032581316707496,0.007136753645627929,0.336,0.639593408765438,-0.0033143308016131312,0.008758461051737004,0.412,0.9846717995386568,0.019762347624035004,0.9826835478726079,0.015237646918139636,0.967863713514693,0.02085584685343021,0.5928320722293385
public_aware_stack_blend_20260622/target_select_public_aggressive_logit_anchorblend_w0p8,0.5930612203909715,0.574218325844417,-0.00276853070240346,-0.019063880953917423,0.01589350393401425,0.6205678846677164,0.5919083979922475,0.006179060252229353,0.13485714285714287,0.09885714285714285,0.5954679782872213,0.5810072297089299,0.6205678846677164,0.5936033163472969,0.574218325844417,0.5982965321192034,-0.0036731808865406866,0.007361272995480503,0.472,0.6508646676652902,0.00543645764556619,0.005436457645566208,0.164,0.638605791467441,0.0008086414219815842,0.0008086414219816025,0.012,0.4816787107167634,-0.001213496706889971,0.001213496706889993,0.0,0.5786458017375397,-0.021578094606920034,0.021578094606920048,0.0,0.5557640408216769,-3.241851231905457e-17,3.241851231905457e-17,0.0,0.6395032414178179,0.006855458388767071,0.006855458388767091,0.296,0.9854314764899059,0.01952228020430802,0.9991451749216806,0.0019574211188254616,0.9688854501567724,0.0172904824145218,0.592888444996515
public_aware_stack_blend_20260622/target_select_public_balanced_logit_anchorblend_w0p8,0.5930612203909715,0.574218325844417,-0.00276853070240346,-0.019063880953917423,0.01589350393401425,0.6205678846677164,0.5919083979922475,0.006179060252229353,0.13485714285714287,0.09885714285714285,0.5954679782872213,0.5810072297089299,0.6205678846677164,0.5936033163472969,0.574218325844417,0.5982965321192034,-0.0036731808865406866,0.007361272995480503,0.472,0.6508646676652902,0.00543645764556619,0.005436457645566208,0.164,0.638605791467441,0.0008086414219815842,0.0008086414219816025,0.012,0.4816787107167634,-0.001213496706889971,0.001213496706889993,0.0,0.5786458017375397,-0.021578094606920034,0.021578094606920048,0.0,0.5557640408216769,-3.241851231905457e-17,3.241851231905457e-17,0.0,0.6395032414178179,0.006855458388767071,0.006855458388767091,0.296,0.9854314764899059,0.01952228020430802,0.9991451749216806,0.0019574211188254616,0.9688854501567724,0.0172904824145218,0.592888444996515
constrained_target_blend_logit_newton/tradeoff_cap_a0p5,0.588695927319815,0.5838721654497869,-0.007133823773559977,-0.009410041348547504,0.01556872350293793,0.6179802323127632,0.5915627005514045,0.020768796924764285,0.4382857142857143,0.5617142857142857,0.5876310239649621,0.5713297702105299,0.6179802323127632,0.5833606200146384,0.5838721654497869,0.6005157016421869,0.0020372557418251525,0.030541539575823146,0.488,0.6510946935683676,-0.002857832199699819,0.0064394345611093785,0.432,0.6385529093905334,-9.059623094888259e-05,0.0006708017020750801,0.544,0.48189549060351067,-0.007598679565324827,0.010610966888132201,0.272,0.5687149401502976,-0.012022853437167693,0.04232545959604515,0.436,0.5573525629509009,0.005413661020724857,0.02174751509185289,0.6,0.6428126055540352,-0.01852149860784693,0.03304586105831216,0.296,0.9969852883092439,0.008436221563741601,0.9850162688764801,0.018209457695945706,0.9587696317876682,0.028956301860453417,0.5929642006342943
direction_gated_ablation_20260622/core_q1down_s2mid_s4tight,0.593643832677297,0.5835539703651117,-0.0021859184160779588,-0.009728236433222737,0.01385017856387828,0.620187789839124,0.5925746026794111,0.003702189244117808,0.009142857142857144,0.02,0.5912165819182619,0.5816460943241258,0.620187789839124,0.5919312291447901,0.5835539703651117,0.599646734684004,-0.00936908344256825,0.00936908344256825,0.0,0.6505980290149822,0.0,0.0,0.0,0.6385502921504717,0.0,0.0,0.0,0.48132484316497526,0.0,0.0,0.0,0.5824176929800036,-0.01226833214009655,0.01226833214009655,0.0,0.5557640408216769,0.0,0.0,0.0,0.6397205859397641,0.0042779091261598585,0.0042779091261598585,0.064,0.9846800213768526,0.019795433480728465,0.995444164971239,0.003908881889849738,0.9716804112506607,0.01541004005288402,0.5933781772849286
public_aware_stack_blend_20260622/target_select_public_tight_logit_anchorblend_w0p9,0.5924766931664117,0.5737199281528638,-0.0033530579269632765,-0.019562278645470665,0.015928303668667567,0.6203949392055506,0.592526739223053,0.006293448212295929,0.12114285714285715,0.09885714285714285,0.594719725051224,0.5809784467481622,0.6203949392055506,0.5921555038225762,0.5737199281528638,0.5984968952252264,-0.0041374194432031485,0.00827931016399742,0.472,0.6506898255445523,0.0024088765100426955,0.002408876510042714,0.068,0.6386326391402113,0.0008997456677259639,0.000899745667725983,0.012,0.4817913469733123,-0.0013781622932959592,0.0013781622932959833,0.0,0.5826946251952445,-0.02342171622097801,0.023421716220978026,0.0,0.5557640408216769,-3.241851231905457e-17,3.241851231905457e-17,0.0,0.639617801661148,0.007666326630031332,0.00766632663003135,0.296,0.9847874629139559,0.019538756842351908,0.9999060958284461,0.0005845042552179235,0.9673748137279735,0.017382015506442302,0.5935119578528553
public_aware_stack_blend_20260622/target_select_public_aggressive_logit_anchorblend_w0p9,0.5932303764646347,0.572773518407864,-0.0025993746287402697,-0.020508688390470486,0.01628888890254069,0.6207218181684517,0.5925653382951257,0.0068205806695754,0.13485714285714287,0.09885714285714285,0.5961149220842634,0.5813109203088279,0.6207218181684517,0.5946614175767592,0.572773518407864,0.5984968952252264,-0.0041374194432031485,0.00827931016399742,0.472,0.6509600190490606,0.006098803710998996,0.006098803710999013,0.164,0.6386326391402113,0.0008997456677259639,0.000899745667725983,0.012,0.4817913469733123,-0.0013781622932959592,0.0013781622932959833,0.0,0.5826946251952445,-0.02342171622097801,0.023421716220978026,0.0,0.5557640408216769,-3.241851231905457e-17,3.241851231905457e-17,0.0,0.639617801661148,0.007666326630031332,0.00766632663003135,0.296,0.9846250836656038,0.019917255997252928,0.9993321782510957,0.0014905391590281781,0.9669909270027807,0.01790914796372177,0.59358440016034
public_aware_stack_blend_20260622/target_select_public_balanced_logit_anchorblend_w0p9,0.5932303764646347,0.572773518407864,-0.0025993746287402697,-0.020508688390470486,0.01628888890254069,0.6207218181684517,0.5925653382951257,0.0068205806695754,0.13485714285714287,0.09885714285714285,0.5961149220842634,0.5813109203088279,0.6207218181684517,0.5946614175767592,0.572773518407864,0.5984968952252264,-0.0041374194432031485,0.00827931016399742,0.472,0.6509600190490606,0.006098803710998996,0.006098803710999013,0.164,0.6386326391402113,0.0008997456677259639,0.000899745667725983,0.012,0.4817913469733123,-0.0013781622932959592,0.0013781622932959833,0.0,0.5826946251952445,-0.02342171622097801,0.023421716220978026,0.0,0.5557640408216769,-3.241851231905457e-17,3.241851231905457e-17,0.0,0.639617801661148,0.007666326630031332,0.00766632663003135,0.296,0.9846250836656038,0.019917255997252928,0.9993321782510957,0.0014905391590281781,0.9669909270027807,0.01790914796372177,0.59358440016034
direction_gated_ablation_20260622/core_q1down_s2wide_s4tight,0.5939857744782511,0.5832242923384848,-0.0018439766151239212,-0.010057914459849604,0.014312117273259747,0.621400169586608,0.5927663331423088,0.004916631104628405,0.009142857142857144,0.038857142857142854,0.5919368679287536,0.5818201230615966,0.621400169586608,0.5918317042965203,0.5832242923384848,0.599646734684004,-0.00936908344256825,0.00936908344256825,0.0,0.6505980290149822,0.0,0.0,0.0,0.6385502921504717,0.0,0.0,0.0,0.48132484316497526,0.0,0.0,0.0,0.5837598062202876,-0.020769425163670724,0.020769425163670724,0.0,0.5557640408216769,0.0,0.0,0.0,0.6397205859397641,0.0042779091261598585,0.0042779091261598585,0.064,0.9846752252139995,0.01970282904482193,0.9974739602527968,0.0031054565170413125,0.9696899711778789,0.01624519593154079,0.5936294379391106
public_aware_stack_blend_20260622/target_select_public_tight,0.5926354511574227,0.5724766120937268,-0.003194299935952327,-0.020805594704607633,0.016265933696222278,0.6205912897255956,0.5932056179351106,0.00687795246751382,0.12114285714285715,0.09885714285714285,0.5952704635162414,0.5813226690256139,0.6205912897255956,0.5929928635345842,0.5724766120937268,0.5987249421273088,-0.004601881296890966,0.009195887182961687,0.472,0.650723423791197,0.0026725171004301725,0.0026725171004301725,0.068,0.6386635413201439,0.0009885936644600751,0.0009885936644600751,0.012,0.48192026507855235,-0.0015445348168980114,0.0015445348168980114,0.0,0.5868902741075309,-0.025277245415574582,0.025277245415574582,0.0,0.5557640408216769,0.0,0.0,0.0,0.6397528382993646,0.008466889092272214,0.008466889092272214,0.296,0.9838489214798078,0.01994593199590832,1.0,0.0,0.9653970243521021,0.0179536282551155,0.5942252531939471
public_aware_stack_blend_20260622/target_select_public_aggressive,0.5934901244991045,0.5714394585161389,-0.0023396265942704497,-0.021842748282195568,0.016709619588084486,0.6209594784537444,0.593254959209431,0.007461470641119007,0.13485714285714287,0.09885714285714285,0.5968287781663706,0.5817092895032917,0.6209594784537444,0.5958185568812197,0.5714394585161389,0.5987249421273088,-0.004601881296890966,0.009195887182961687,0.472,0.6510688127114401,0.006757144315666478,0.006757144315666478,0.164,0.6386635413201439,0.0009885936644600751,0.0009885936644600751,0.012,0.48192026507855235,-0.0015445348168980114,0.0015445348168980114,0.0,0.5868902741075309,-0.025277245415574582,0.025277245415574582,0.0,0.5557640408216769,0.0,0.0,0.0,0.6397528382993646,0.008466889092272214,0.008466889092272214,0.296,0.9836298398935597,0.020377492255287673,0.9993239165974169,0.001027880653309278,0.9649334906644971,0.01853714642872069,0.5943142843080689
public_aware_stack_blend_20260622/target_select_public_balanced,0.5934901244991045,0.5714394585161389,-0.0023396265942704497,-0.021842748282195568,0.016709619588084486,0.6209594784537444,0.593254959209431,0.007461470641119007,0.13485714285714287,0.09885714285714285,0.5968287781663706,0.5817092895032917,0.6209594784537444,0.5958185568812197,0.5714394585161389,0.5987249421273088,-0.004601881296890966,0.009195887182961687,0.472,0.6510688127114401,0.006757144315666478,0.006757144315666478,0.164,0.6386635413201439,0.0009885936644600751,0.0009885936644600751,0.012,0.48192026507855235,-0.0015445348168980114,0.0015445348168980114,0.0,0.5868902741075309,-0.025277245415574582,0.025277245415574582,0.0,0.5557640408216769,0.0,0.0,0.0,0.6397528382993646,0.008466889092272214,0.008466889092272214,0.296,0.9836298398935597,0.020377492255287673,0.9993239165974169,0.001027880653309278,0.9649334906644971,0.01853714642872069,0.5943142843080689
direction_gated_search_20260622/precision55_move03,0.5946003771792014,0.5724286713683664,-0.0012293739141735482,-0.02085353542996804,0.01670593763621461,0.6216474498582393,0.593411994505394,0.010283877943589136,0.13485714285714287,0.09885714285714285,0.597948504420278,0.5823441699568525,0.6216474498582393,0.5979157108879606,0.5724286713683664,0.600344374346983,0.001018294767312786,0.029824825441675373,0.472,0.6510688127114401,0.006757144315666478,0.006757144315666478,0.164,0.6386635413201439,0.0009885936644600751,0.0009885936644600751,0.012,0.481400079930618,-0.0006724476754752355,0.0006724476754752355,0.0,0.5868902741075309,-0.025277245415574582,0.025277245415574582,0.0,0.5557640408216769,0.0,0.0,0.0,0.6397528382993646,0.008466889092272214,0.008466889092272214,0.296,0.984379071932884,0.019716325058224713,0.997244576871677,0.004499979035585881,0.9637688165640516,0.021390208179562227,0.5945558077255123
residual_submission_blend_ridge_logit_newton/ridge_knn_blend_last,0.594384073172959,0.5812609244370985,-0.0014456779204159442,-0.012021282361235897,0.016394630764446506,0.6245580911710016,0.5933349702065257,0.02234428216981669,0.42914285714285716,0.5708571428571428,0.5931453336586834,0.5782759041336846,0.6245580911710016,0.594864047844944,0.5812609244370985,0.6012451133085528,0.002052750091962331,0.03370743927759753,0.488,0.6527563352553828,-0.0057156643993996215,0.012878869122218762,0.432,0.6386242577234558,-0.0004589387466783974,0.003354207738253587,0.544,0.48161346824924695,-0.002925475483086946,0.00800739997632434,0.444,0.5765418055127679,-0.014528557403615566,0.05235514405118929,0.432,0.5617416615032689,-0.006372370050781533,0.023749460755468115,0.368,0.6408221498930053,-0.01243075166312785,0.02235745426766522,0.296,0.9856243835817498,0.01731902268289671,0.9789073805454038,0.019408059408173813,0.9482535138140565,0.030056070576302378,0.5948250302098426
residual_submission_blend_ridge_logit_newton/ridge_knn_blend_composite,0.5943135538405578,0.5813185329619441,-0.001516197252817153,-0.011963673836390298,0.016411535642547246,0.6247413299063863,0.5935495667110906,0.022409653556943375,0.4297142857142857,0.5702857142857143,0.5928085503768731,0.5785113758069301,0.6247413299063863,0.5944004330823095,0.5813185329619441,0.6012451133085528,0.002052750091962331,0.03370743927759753,0.488,0.6519026646191786,-0.004572531519519672,0.01030309529777501,0.432,0.638597293691633,-0.000366083990404068,0.00268345740488052,0.544,0.48161346824924695,-0.002925475483086946,0.00800739997632434,0.444,0.5765418055127679,-0.014528557403615566,0.05235514405118929,0.432,0.5641244717032493,-0.007767092471635049,0.027453584623171753,0.372,0.6408221498930053,-0.01243075166312785,0.02235745426766522,0.296,0.9841736574281519,0.017363663499954197,0.9773965808656883,0.019546580165651913,0.946815828899371,0.030229253921480927,0.5950424330999262
residual_single_model_opt_ridge_logit_te_smoke/ridge_residual_last,0.6014828598255487,0.5860329920971246,0.005653108732173728,-0.007249214701209872,0.01696008604159633,0.6305429968003496,0.5917117232107115,0.01692854963144233,0.368,0.48914285714285716,0.6054114436607733,0.583065648405942,0.6305429968003496,0.6021278870560046,0.5860329920971246,0.5992031334242484,0.0037897559225483378,0.02192027025693295,0.544,0.6505980290149822,-3.996802888650563e-18,1.3322676295501878e-17,0.0,0.6390378551826852,-0.0003018033076740698,0.009766607680064595,0.468,0.4814752640947373,-0.0029002455723396736,0.004195067803956113,0.336,0.5751540407861685,-0.031929871653825014,0.05970499202850285,0.368,0.5559647833194612,-0.0011050320415408274,0.0027727443972054414,0.392,0.6405489566526975,-0.0038102326220166463,0.02014016525343435,0.468,0.9723300295363048,0.02489158181492523,0.9732576486117751,0.01827212089173535,0.9693354048347086,0.02360893786108071,0.5950461720579954
constrained_target_blend_logit_newton/composite,0.5943991703462966,0.581027967783383,-0.0014305807470783583,-0.012254239014951485,0.01648563007549342,0.6246059130443687,0.5938745980991708,0.02403382155707005,0.4297142857142857,0.5702857142857143,0.5931509525943206,0.5781101245987051,0.6246059130443687,0.5952699693560319,0.581027967783383,0.6020625159477259,0.001955478608560085,0.03684048595046649,0.488,0.6519026646191786,-0.004572531519519672,0.01030309529777501,0.432,0.638597293691633,-0.000366083990404068,0.00268345740488052,0.544,0.48161346824924695,-0.002925475483086946,0.00800739997632434,0.444,0.5765418055127679,-0.014528557403615566,0.05235514405118929,0.432,0.5641244717032493,-0.007767092471635049,0.027453584623171753,0.372,0.6422799669703939,-0.017116026721799633,0.030593583595682962,0.296,0.9846395973652924,0.016941986800950135,0.9761962069648582,0.020515647983413147,0.9451448504429072,0.03184513280169253,0.5954198942496576
direction_gated_search_20260622/precision55_move05,0.5953823636068426,0.5716608582982871,-0.00044738748653239124,-0.021621348500047377,0.01729346724687846,0.6227517198251098,0.5942244601461283,0.014389429593766464,0.13942857142857143,0.16342857142857142,0.5990626469773661,0.5830332311683506,0.6227517198251098,0.5995798222411582,0.5716608582982871,0.6029279902177527,0.0013577263564170607,0.03976643392223383,0.472,0.6510688127114401,0.006757144315666478,0.006757144315666478,0.164,0.6387675142831172,0.0024156023869325817,0.0024156023869325817,0.044,0.481400079930618,-0.0006724476754752355,0.0006724476754752355,0.0,0.5898899447589293,-0.0426474897637849,0.0426474897637849,0.0,0.5557640408216769,0.0,0.0,0.0,0.6397528382993646,0.008466889092272214,0.008466889092272214,0.296,0.982071612036553,0.02204374583149103,0.9936078855055899,0.008269284668380963,0.9587721834358061,0.024079196922169314,0.5955208163962853
residual_single_model_opt_ridge_logit_newton/ridge_residual_composite,0.5945186429376494,0.5813736124942065,-0.0013111081557255488,-0.01190859430412794,0.01652932304042491,0.6250710113916612,0.5942400557066148,0.023659728917560536,0.43142857142857144,0.5685714285714286,0.5929046990728651,0.5784857297588791,0.6250710113916612,0.5949696201921795,0.5813736124942065,0.6012451133085528,0.002052750091962331,0.03370743927759753,0.488,0.6527563352553828,-0.0057156643993996215,0.012878869122218762,0.432,0.6386242577234558,-0.0004589387466783974,0.003354207738253587,0.544,0.48161346824924695,-0.002925475483086946,0.00800739997632434,0.444,0.5765418055127679,-0.014528557403615566,0.05235514405118929,0.432,0.5680772600038925,-0.00966615675850101,0.032957587989675026,0.384,0.6408221498930053,-0.01243075166312785,0.02235745426766522,0.296,0.9806859596017035,0.01816088024359745,0.9737898435682087,0.02072350615591766,0.9433917068036245,0.03137151732404623,0.5957763137261628
constrained_target_blend_logit_newton/last,0.5957948704179553,0.5805030316105346,-3.488067541967954e-05,-0.012779175187799807,0.01705265323557303,0.6256602222474016,0.5943072271996452,0.026834668684152716,0.42742857142857144,0.5725714285714286,0.5965249565284729,0.5778756097291596,0.6256602222474016,0.5983547592071937,0.5805030316105346,0.6029279902177527,0.0013577263564170607,0.03976643392223383,0.472,0.6552873756045653,-0.007792489278268182,0.02087648803477797,0.436,0.6392256837558791,-0.0014003956370577577,0.010041892990763333,0.544,0.48161346824924695,-0.002925475483086946,0.00800739997632434,0.444,0.5765418055127679,-0.014528557403615566,0.05235514405118929,0.432,0.5617416615032689,-0.006372370050781533,0.023749460755468115,0.368,0.6428126055540352,-0.01852149860784693,0.03304586105831216,0.296,0.9838864351736868,0.019118255918495485,0.9751707970273814,0.02263091654621946,0.9438122862863463,0.03371075712721923,0.5959648999219485
residual_single_model_opt_ridge_logit_newton/ridge_residual_last,0.5962990874889843,0.5806631585824954,0.00046933639560930995,-0.012619048215839035,0.016987059051340573,0.625694765514628,0.5949195640996502,0.028778901878740534,0.4297142857142857,0.5702857142857143,0.5966532532955738,0.5784008396132314,0.625694765514628,0.6000060006303293,0.5806631585824954,0.6061652734100382,0.001449646002538211,0.04924730111609983,0.472,0.6552873756045653,-0.007792489278268182,0.02087648803477797,0.436,0.6392256837558791,-0.0014003956370577577,0.010041892990763333,0.544,0.48161346824924695,-0.002925475483086946,0.00800739997632434,0.444,0.5765418055127679,-0.014528557403615566,0.05235514405118929,0.432,0.5613788090276047,-0.006121432625307197,0.022191916094764976,0.384,0.6442245331374485,-0.02179839270271957,0.038732170887263995,0.296,0.9829100824906974,0.019924806616480332,0.9729204339218263,0.024230947493081682,0.9408266204695089,0.03565035779178962,0.5967965518470427
residual_single_model_opt_ridge_logit_te_full/ridge_residual_last,0.6076729992970379,0.5848385610206153,0.011843248203662893,-0.008443645777719166,0.02070875075212514,0.64300962226662,0.5952526470904547,0.02689660686830966,0.43314285714285716,0.5668571428571428,0.612187159638838,0.5889013582650356,0.64300962226662,0.608889246919168,0.5848385610206153,0.6082154142381696,0.00584174142866742,0.03187912750117287,0.596,0.6560142161493948,-0.00539358802144171,0.02073105903139865,0.5,0.6464519468978223,-0.007368835371581135,0.02967691661103639,0.46,0.4830136672178384,-0.004357697363427018,0.013009964675599261,0.42,0.5741194763919506,-0.046551109085806945,0.059180631608836624,0.308,0.5579241611909654,-0.003547100937496412,0.0120134508818429,0.336,0.6410296475470424,-0.008290415763388225,0.021785097768280907,0.412,0.9576023832524913,0.031054791437951434,0.9604279449049555,0.02705267374536259,0.9548718118419274,0.03191819553564663,0.6012401197053923
residual_single_model_opt_hist_gb/hist_gb_residual_last,0.6112069982320614,0.5844087837181611,0.015377247138686378,-0.00887342308017336,0.02315014411901301,0.6466946359073013,0.5980288142358655,0.030271983049896055,0.12971428571428573,0.4417142857142857,0.6114353927393211,0.5883229109527182,0.6466946359073013,0.6245662354022917,0.5844087837181611,0.5976921407331661,0.0,0.0,0.0,0.6702616494887603,0.018886250104269885,0.07182131360953167,0.652,0.6386285015622555,-0.001992417169515484,0.0022505915738549208,0.172,0.48132484316497526,0.0,0.0,0.0,0.5977186379740347,-0.10150983029542658,0.10282957889259267,0.056,0.5612048213288691,-0.03478585702618369,0.035002397273293115,0.028,0.639371105398998,0.0,0.0,0.0,0.937338264492932,0.04254124209080968,0.9457530706299059,0.03214610093495683,0.935434190115007,0.037799151553710796,0.6054765174318533
residual_single_model_opt_ridge/ridge_residual_composite,0.5953637364538608,0.5855949421925687,-0.00046601463951423394,-0.007687264605765742,0.014905005974367648,0.6241829645736585,0.6102649848483608,0.00895652219323823,0.12857142857142856,0.3,0.5943927589459703,0.5828439026317641,0.6241829645736585,0.5901527823739491,0.5855949421925687,0.5976921407331661,0.0,0.0,0.0,0.6505980290149822,0.0,0.0,0.0,0.6385502921504717,0.0,0.0,0.0,0.48187335432641637,-0.004661876021869009,0.006583861427397873,0.228,0.6261638295723381,-0.01656309705885534,0.045258963652184674,0.392,0.637606142742153,-0.008836777601805894,0.010852830273085073,0.28,0.639371105398998,0.0,0.0,0.0,0.9773568419724034,0.019553891375757453,0.9792804007853374,0.009992610271936101,0.9538529239077727,0.017770048248200117,0.6112789308128763
residual_single_model_opt_ridge/ridge_residual_full,0.592739507791059,0.592790764872572,-0.003090243302315998,-0.000491441925762448,0.01615449582444378,0.6237918853632017,0.6108323433369088,0.012016683975967665,0.19657142857142856,0.37485714285714283,0.5875093095973328,0.5781332343305613,0.6237918853632017,0.5827293279562473,0.592790764872572,0.5976921407331661,0.0,0.0,0.0,0.6512474340517679,-0.00454684915272659,0.010160428595694392,0.376,0.6385502921504717,0.0,0.0,0.0,0.4825487566317905,-0.004603323064057757,0.007345569950864548,0.208,0.6176023256754279,-0.010674541222627034,0.026571435408478,0.372,0.6488143487167404,-0.008982845875607734,0.040039353876736704,0.42,0.639371105398998,0.0,0.0,0.0,0.975740603982799,0.01950340738331932,0.9745167666054625,0.014579010082669512,0.954985299440098,0.02156821758065724,0.61200056864741
residual_single_model_opt_ridge/ridge_residual_last,0.6165194652200038,0.5847576897922443,0.02068971412662879,-0.008524517006090138,0.030458565678713117,0.6694127368206483,0.6217815808675745,0.014800865331914423,0.22285714285714286,0.3485714285714286,0.598355625682357,0.5994632069072231,0.6694127368206483,0.6310560286600291,0.5847576897922443,0.5976921407331661,0.0,0.0,0.0,0.6505980290149822,0.0,0.0,0.0,0.6424452139576763,-0.0026868316779546835,0.01496797238567328,0.52,0.48187335432641637,-0.004661876021869009,0.006583861427397873,0.228,0.6419400886873077,-0.022867423709900716,0.06242755581766908,0.392,0.6985511339544744,-0.0032882505964436405,0.01962666769266073,0.42,0.639371105398998,0.0,0.0,0.0,0.9651411565339042,0.02452940045803569,0.9677420682198677,0.014084653710209415,0.9381261663237758,0.021393639082817197,0.6309899350557876
