run,path,target,config_key,model,param_profile,weight_profile,top_k,shrink,full_logloss,last_logloss,full_delta_vs_anchor,last_delta_vs_anchor,rank_score,fold0_logloss,fold1_logloss,fold2_logloss,fold3_logloss,fold4_logloss,candidate,selection_mode,anchor_full,anchor_last,source
ridge_logit_newton,research/residual_single_model_opt_ridge_logit_newton/target_choices_all.csv,Q1,ridge|logit_newton|ridge3|subject_class|top40,ridge,ridge3,subject_class,40.0,0.35,0.5898889020581386,0.5984797793482458,-0.0005359818134891281,-0.02002609215496698,0.5990260908935917,0.5334081970299093,0.6319211600914815,0.5923280621961026,0.5964368233202003,0.5984797793482458,ridge_residual_composite,composite,0.5904248838716277,0.6185058715032128,
ridge_logit_newton,research/residual_single_model_opt_ridge_logit_newton/target_choices_all.csv,Q2,ridge|logit_newton|ridge100|subject_class|top80,ridge,ridge100,subject_class,80.0,0.08,0.6940407398314826,0.636451957923523,0.0011608832075601372,-0.0016324113768783066,0.6545986493930669,0.716926608357212,0.6253969209766422,0.7945970969750168,0.6953431248797436,0.636451957923523,ridge_residual_composite,composite,0.6928798566239225,0.6380843693004014,
ridge_logit_newton,research/residual_single_model_opt_ridge_logit_newton/target_choices_all.csv,Q3,ridge|logit_newton|ridge0p3|uniform|top240,ridge,ridge0p3,uniform,240.0,0.01,0.6633066442802005,0.6336411202130555,0.0006260981519997655,-0.001050888027697927,0.6440315916331624,0.6958513088256187,0.6726186619002096,0.6978971377170513,0.6142788353574411,0.6336411202130555,ridge_residual_composite,composite,0.6626805461282007,0.6346920082407534,
ridge_logit_newton,research/residual_single_model_opt_ridge_logit_newton/target_choices_all.csv,S1,ridge|logit_newton|ridge100|uniform|top80,ridge,ridge100,uniform,80.0,0.08,0.4920301003811084,0.4433032619659718,-0.0003220528327436134,-0.006241204051004368,0.4496684978108441,0.4680911612816549,0.4887106292043406,0.5326688299710852,0.526555860303115,0.4433032619659718,ridge_residual_composite,composite,0.492352153213852,0.4495444660169762,
ridge_logit_newton,research/residual_single_model_opt_ridge_logit_newton/target_choices_all.csv,S2,ridge|logit_newton|ridge0p3|recent_resid|top120,ridge,ridge0p3,recent_resid,120.0,0.2,0.5566835766917694,0.5841610094151621,-0.0034368289979388456,-0.03865431348027126,0.5890295980275948,0.5811762406736896,0.5229038119399869,0.5379154323735896,0.5573777572702442,0.5841610094151621,ridge_residual_composite,composite,0.5601204056897082,0.6228153228954334,
ridge_logit_newton,research/residual_single_model_opt_ridge_logit_newton/target_choices_all.csv,S3,ridge|logit_newton|ridge0p3|recent_resid|top160,ridge,ridge0p3,recent_resid,160.0,0.12,0.541209717317181,0.5941015221800663,-0.00034165720450707315,-0.006577502810507285,0.6008332102838841,0.4997927614632474,0.5314159018556565,0.5770462585027221,0.5101814643001433,0.5941015221800663,ridge_residual_composite,composite,0.5415513745216881,0.6006790249905736,
ridge_logit_newton,research/residual_single_model_opt_ridge_logit_newton/target_choices_all.csv,S4,ridge|logit_newton|ridge0p3|recent_class|top40,ridge,ridge0p3,recent_class,40.0,0.2,0.6244708200036657,0.5794766364134205,-0.006328217600959252,-0.009177748227569671,0.5865903733073708,0.6550866158787237,0.576433022343837,0.6430442620060609,0.6646134759143686,0.5794766364134205,ridge_residual_composite,composite,0.630799037604625,0.5886543846409902,
ridge_logit_newton,research/residual_single_model_opt_ridge_logit_newton/target_choices_all.csv,Q1,ridge|logit_newton|ridge1|subject_class|top40,ridge,ridge1,subject_class,40.0,0.5,0.5979150589904834,0.5963948403265755,0.007490175118855635,-0.022111031176637264,0.6054246329317184,0.5403187647100796,0.6441173111728568,0.5952786240204352,0.6158103103293721,0.5963948403265755,ridge_residual_last,last,0.5904248838716277,0.6185058715032128,
ridge_logit_newton,research/residual_single_model_opt_ridge_logit_newton/target_choices_all.csv,Q2,ridge|logit_newton|ridge100|subject_class|top120,ridge,ridge100,subject_class,120.0,0.12,0.6987415814488945,0.6356930614589933,0.005861724824972048,-0.0023913078414080635,0.6574556655066073,0.7293537135195803,0.6222499048566729,0.7971830155231797,0.7069709003915488,0.6356930614589933,ridge_residual_last,last,0.6928798566239225,0.6380843693004014,
ridge_logit_newton,research/residual_single_model_opt_ridge_logit_newton/target_choices_all.csv,Q3,ridge|logit_newton|ridge0p3|uniform|top240,ridge,ridge0p3,uniform,240.0,0.03,0.6651778505733567,0.6324722584320684,0.0024973044451559456,-0.002219749808685001,0.6451695383963704,0.6990590271950662,0.6728578657342611,0.703401787451977,0.6157127486830949,0.6324722584320684,ridge_residual_last,last,0.6626805461282007,0.6346920082407534,
ridge_logit_newton,research/residual_single_model_opt_ridge_logit_newton/target_choices_all.csv,S1,ridge|logit_newton|ridge100|uniform|top80,ridge,ridge100,uniform,80.0,0.08,0.4920301003811084,0.4433032619659718,-0.0003220528327436134,-0.006241204051004368,0.4496684978108441,0.4680911612816549,0.4887106292043406,0.5326688299710852,0.526555860303115,0.4433032619659718,ridge_residual_last,last,0.492352153213852,0.4495444660169762,
ridge_logit_newton,research/residual_single_model_opt_ridge_logit_newton/target_choices_all.csv,S2,ridge|logit_newton|ridge0p3|recent_resid|top120,ridge,ridge0p3,recent_resid,120.0,0.2,0.5566835766917694,0.5841610094151621,-0.0034368289979388456,-0.03865431348027126,0.5890295980275948,0.5811762406736896,0.5229038119399869,0.5379154323735896,0.5573777572702442,0.5841610094151621,ridge_residual_last,last,0.5601204056897082,0.6228153228954334,
ridge_logit_newton,research/residual_single_model_opt_ridge_logit_newton/target_choices_all.csv,S3,ridge|logit_newton|ridge0p3|recent_resid|top160,ridge,ridge0p3,recent_resid,160.0,0.08,0.5396319056080582,0.5940046405432852,-0.0019194689136299292,-0.006674384447288406,0.6011822912215214,0.5001137912045779,0.5301056816996078,0.5726051749125719,0.5077393460004549,0.5940046405432852,ridge_residual_last,last,0.5415513745216881,0.6006790249905736,
ridge_logit_newton,research/residual_single_model_opt_ridge_logit_newton/target_choices_all.csv,S4,ridge|logit_newton|ridge0p3|recent_class|top40,ridge,ridge0p3,recent_class,40.0,0.35,0.6239135387292193,0.5786130379354122,-0.006885498875405682,-0.010041346705577991,0.5866348133076776,0.658460074484369,0.5678606726848935,0.6408104943495565,0.6698750814344756,0.5786130379354122,ridge_residual_last,last,0.630799037604625,0.5886543846409902,
ridge_logit_newton,research/residual_single_model_opt_ridge_logit_newton/target_choices_all.csv,Q1,ridge|logit_newton|ridge10|subject_class|top40,ridge,ridge10,subject_class,40.0,0.2,0.5879679030351407,0.606532805999241,-0.002456980836487044,-0.011973065503971814,0.6090954778720524,0.5344377418210166,0.6279702835911901,0.5925123364637841,0.582113197442527,0.606532805999241,ridge_residual_full,full,0.5904248838716277,0.6185058715032128,
ridge_logit_newton,research/residual_single_model_opt_ridge_logit_newton/target_choices_all.csv,Q2,ridge|logit_newton|ridge0p3|recent_resid|top80,ridge,ridge0p3,recent_resid,80.0,0.08,0.6911827255634775,0.6511152110271726,-0.0016971310604450007,0.01303084172677127,0.6682803480283349,0.7044524673235838,0.6259293080783636,0.7943954753534919,0.6801986846623773,0.6511152110271726,ridge_residual_full,full,0.6928798566239225,0.6380843693004014,
ridge_logit_newton,research/residual_single_model_opt_ridge_logit_newton/target_choices_all.csv,Q3,ridge|logit_newton|ridge0p3|uniform|top40,ridge,ridge0p3,uniform,40.0,0.0,0.6626805461282007,0.6346920082407534,0.0,0.0,0.6442038137020795,0.6945061214538464,0.6727576578357087,0.6955517920765923,0.613734493992541,0.6346920082407534,ridge_residual_full,full,0.6626805461282007,0.6346920082407534,
ridge_logit_newton,research/residual_single_model_opt_ridge_logit_newton/target_choices_all.csv,S1,ridge|logit_newton|ridge100|recent_class|top40,ridge,ridge100,recent_class,40.0,0.2,0.4901356633045168,0.4556921744645282,-0.0022164899093352064,0.006147708447552025,0.460558583789504,0.4650790758479786,0.4913857518495029,0.5223675356983295,0.5160467570574936,0.4556921744645282,ridge_residual_full,full,0.492352153213852,0.4495444660169762,
ridge_logit_newton,research/residual_single_model_opt_ridge_logit_newton/target_choices_all.csv,S2,ridge|logit_newton|ridge0p3|recent_class|top120,ridge,ridge0p3,recent_class,120.0,0.12,0.5523303237543977,0.5924888746662644,-0.0077900819353105,-0.030326448229168967,0.5997704406155723,0.5718257411801718,0.5225637811533103,0.527765274225347,0.5479889858675647,0.5924888746662644,ridge_residual_full,full,0.5601204056897082,0.6228153228954334,
ridge_logit_newton,research/residual_single_model_opt_ridge_logit_newton/target_choices_all.csv,S3,ridge|logit_newton|ridge0p3|uniform|top40,ridge,ridge0p3,uniform,40.0,0.5,0.5077276302852942,0.6061629831879852,-0.03382374423639389,0.005483958197411654,0.6213735179888791,0.4712571436139721,0.4861809776849146,0.5392001640813648,0.4449677802811975,0.6061629831879852,ridge_residual_full,full,0.5415513745216881,0.6006790249905736,
ridge_logit_newton,research/residual_single_model_opt_ridge_logit_newton/target_choices_all.csv,S4,ridge|logit_newton|ridge0p3|subject_class|top40,ridge,ridge0p3,subject_class,40.0,0.35,0.6226433776469416,0.5839384495097777,-0.008155659957683414,-0.00471593513121249,0.5907718293769757,0.6548408438339655,0.5680474978799893,0.6398469516811186,0.663143049599433,0.5839384495097777,ridge_residual_full,full,0.630799037604625,0.5886543846409902,
ridge_logit_te_full,research/residual_single_model_opt_ridge_logit_te_full/target_choices_all.csv,Q1,ridge|logit_newton|bins_te|ridge0p3|recent_class|top160,ridge,ridge0p3,recent_class,160.0,0.08,0.5924672431978325,0.6135258829518379,0.002042359326204779,-0.0049799885513749365,0.6192699014872367,0.5542367210370404,0.630689163826357,0.5918052744143457,0.5751262948674579,0.6135258829518379,ridge_residual_composite,composite,0.5904248838716277,0.6185058715032128,
ridge_logit_te_full,research/residual_single_model_opt_ridge_logit_te_full/target_choices_all.csv,Q2,ridge|logit_newton|bins_te|ridge100|subject_class|top120,ridge,ridge100,subject_class,120.0,0.08,0.6943304631474775,0.6338739480475895,0.001450606523554998,-0.004210421252811902,0.65232989043294,0.7203734682589511,0.6237606727621127,0.7946798019842466,0.6971417533159723,0.6338739480475895,ridge_residual_composite,composite,0.6928798566239225,0.6380843693004014,
ridge_logit_te_full,research/residual_single_model_opt_ridge_logit_te_full/target_choices_all.csv,Q3,ridge|logit_newton|bins_te|ridge0p3|uniform|top240,ridge,ridge0p3,uniform,240.0,0.02,0.6649253303028172,0.6308070941742566,0.0022447841746164876,-0.003884914066496825,0.6437533399754468,0.693174153349425,0.6762352203845322,0.706220023178338,0.6160602633909271,0.6308070941742566,ridge_residual_composite,composite,0.6626805461282007,0.6346920082407534,
ridge_logit_te_full,research/residual_single_model_opt_ridge_logit_te_full/target_choices_all.csv,S1,ridge|logit_newton|bins_te|ridge3|recent_class|top240,ridge,ridge3,recent_class,240.0,0.05,0.4924104682661646,0.4463520325827748,5.831505231257417e-05,-0.0031924334342013916,0.4518044573473172,0.4734283783616236,0.4895871916047168,0.5252448704513942,0.5263198787926597,0.4463520325827748,ridge_residual_composite,composite,0.492352153213852,0.4495444660169762,
ridge_logit_te_full,research/residual_single_model_opt_ridge_logit_te_full/target_choices_all.csv,S2,ridge|logit_newton|bins_te|ridge10|recent_class|top80,ridge,ridge10,recent_class,80.0,0.2,0.56282268571566,0.6059516973098132,0.002702280025951742,-0.016863625585620157,0.616496960001446,0.5983396561734854,0.5219377723767229,0.5328453528225819,0.5553331717534365,0.6059516973098132,ridge_residual_composite,composite,0.5601204056897082,0.6228153228954334,
ridge_logit_te_full,research/residual_single_model_opt_ridge_logit_te_full/target_choices_all.csv,S3,ridge|logit_newton|bins_te|ridge0p3|recent_resid|top160,ridge,ridge0p3,recent_resid,160.0,0.03,0.5429894625421182,0.598819715316213,0.001438088020430106,-0.001859309674360543,0.6076651910637219,0.5072644070172685,0.5317112293459989,0.5699712043188175,0.5133217123614588,0.598819715316213,ridge_residual_composite,composite,0.5415513745216881,0.6006790249905736,
ridge_logit_te_full,research/residual_single_model_opt_ridge_logit_te_full/target_choices_all.csv,S4,ridge|logit_newton|bins_te|ridge0p3|recent_class|top40,ridge,ridge0p3,recent_class,40.0,0.08,0.6309899963556173,0.5849838605718231,0.0001909587509922872,-0.003670524069167125,0.5918959768164096,0.6574681182817963,0.5988287610923331,0.6445354057507189,0.6653831429580944,0.5849838605718231,ridge_residual_composite,composite,0.630799037604625,0.5886543846409902,
ridge_logit_te_full,research/residual_single_model_opt_ridge_logit_te_full/target_choices_all.csv,Q1,ridge|logit_newton|bins_te|ridge0p3|subject_class|top160,ridge,ridge0p3,subject_class,160.0,0.2,0.6138911516003381,0.6102843032135797,0.02346626772871041,-0.008221568289633052,0.6348573155119598,0.5940212535770112,0.6327800466067289,0.637826464309103,0.5959683544699826,0.6102843032135797,ridge_residual_last,last,0.5904248838716277,0.6185058715032128,
ridge_logit_te_full,research/residual_single_model_opt_ridge_logit_te_full/target_choices_all.csv,Q2,ridge|logit_newton|bins_te|ridge100|uniform|top120,ridge,ridge100,uniform,120.0,0.12,0.6978839754840116,0.6329524797654529,0.005004118860089113,-0.005131889534948475,0.6535817131492155,0.7295767514188649,0.6202152004996823,0.7942555699168601,0.7099226747779644,0.6329524797654529,ridge_residual_last,last,0.6928798566239225,0.6380843693004014,
ridge_logit_te_full,research/residual_single_model_opt_ridge_logit_te_full/target_choices_all.csv,Q3,ridge|logit_newton|bins_te|ridge0p3|uniform|top240,ridge,ridge0p3,uniform,240.0,0.12,0.6861389688287172,0.6227638372176388,0.023458422700516457,-0.011928171023114609,0.6622682998766064,0.6950485124737101,0.7035298527700757,0.774645371482836,0.633054855295104,0.6227638372176388,ridge_residual_last,last,0.6626805461282007,0.6346920082407534,
ridge_logit_te_full,research/residual_single_model_opt_ridge_logit_te_full/target_choices_all.csv,S1,ridge|logit_newton|bins_te|ridge1|recent_resid|top240,ridge,ridge1,recent_resid,240.0,0.05,0.4921635559757896,0.4462078593411809,-0.00018859723806241568,-0.003336606675795273,0.4518359790502795,0.471781842859021,0.488522051399993,0.5252996336675286,0.5279646443225942,0.4462078593411809,ridge_residual_last,last,0.492352153213852,0.4495444660169762,
ridge_logit_te_full,research/residual_single_model_opt_ridge_logit_te_full/target_choices_all.csv,S2,ridge|logit_newton|bins_te|ridge100|recent_class|top40,ridge,ridge100,recent_class,40.0,0.5,0.5831923099270798,0.600229458518873,0.0230719042373716,-0.022585864376560405,0.623401545422508,0.6205217214409466,0.537091533303578,0.5531935670182162,0.6034187750325629,0.600229458518873,ridge_residual_last,last,0.5601204056897082,0.6228153228954334,
ridge_logit_te_full,research/residual_single_model_opt_ridge_logit_te_full/target_choices_all.csv,S3,ridge|logit_newton|bins_te|ridge0p3|recent_resid|top160,ridge,ridge0p3,recent_resid,160.0,0.05,0.5445600978096841,0.5984109198507523,0.0030087232879959513,-0.0022681051398212304,0.6082261868379567,0.5099438978163526,0.5324774686096226,0.5722744263951545,0.5156796304202323,0.5984109198507523,ridge_residual_last,last,0.5415513745216881,0.6006790249905736,
ridge_logit_te_full,research/residual_single_model_opt_ridge_logit_te_full/target_choices_all.csv,S4,ridge|logit_newton|bins_te|ridge0p3|recent_class|top40,ridge,ridge0p3,recent_class,40.0,0.2,0.6358809354536441,0.5830210692368292,0.005081897849019135,-0.00563331540416101,0.5957298954696955,0.6644161378859592,0.6076933546655691,0.6435723230766418,0.6762157941157356,0.5830210692368292,ridge_residual_last,last,0.630799037604625,0.5886543846409902,
ridge_logit_te_full,research/residual_single_model_opt_ridge_logit_te_full/target_choices_all.csv,Q1,ridge|logit_newton|bins_te|ridge10|subject_class|top80,ridge,ridge10,subject_class,80.0,0.12,0.5871829614393039,0.6189710553426604,-0.003241922432323796,0.00046518383944760267,0.6240551337782951,0.539013659913167,0.6204300253172846,0.5862006865952915,0.5754802475555074,0.6189710553426604,ridge_residual_full,full,0.5904248838716277,0.6185058715032128,
ridge_logit_te_full,research/residual_single_model_opt_ridge_logit_te_full/target_choices_all.csv,Q2,ridge|logit_newton|bins_te|ridge0p3|recent_resid|top40,ridge,ridge0p3,recent_resid,40.0,0.08,0.6898804919422968,0.635809916022891,-0.002999364681625649,-0.002274453277510302,0.6539460876133071,0.7163148594559958,0.6246409071443026,0.7930545218245842,0.6782565537700364,0.635809916022891,ridge_residual_full,full,0.6928798566239225,0.6380843693004014,
ridge_logit_te_full,research/residual_single_model_opt_ridge_logit_te_full/target_choices_all.csv,Q3,ridge|logit_newton|bins_te|ridge0p3|uniform|top40,ridge,ridge0p3,uniform,40.0,0.0,0.6626805461282007,0.6346920082407534,0.0,0.0,0.6442038137020795,0.6945061214538464,0.6727576578357087,0.6955517920765923,0.613734493992541,0.6346920082407534,ridge_residual_full,full,0.6626805461282007,0.6346920082407534,
ridge_logit_te_full,research/residual_single_model_opt_ridge_logit_te_full/target_choices_all.csv,S1,ridge|logit_newton|bins_te|ridge0p3|recent_class|top240,ridge,ridge0p3,recent_class,240.0,0.03,0.4910643082509548,0.4485522902351876,-0.0012878449628971889,-0.0009921757817885624,0.4537625358044009,0.4696506533200237,0.486615410634785,0.5242551146298274,0.5254805442016071,0.4485522902351876,ridge_residual_full,full,0.492352153213852,0.4495444660169762,
ridge_logit_te_full,research/residual_single_model_opt_ridge_logit_te_full/target_choices_all.csv,S2,ridge|logit_newton|bins_te|ridge0p3|recent_resid|top80,ridge,ridge0p3,recent_resid,80.0,0.08,0.5578306344512246,0.6112469364469745,-0.0022897712384836177,-0.011568386448458923,0.6207986241589384,0.5782249715573807,0.5221137739604954,0.5282728432722235,0.5509457139422673,0.6112469364469745,ridge_residual_full,full,0.5601204056897082,0.6228153228954334,
ridge_logit_te_full,research/residual_single_model_opt_ridge_logit_te_full/target_choices_all.csv,S3,ridge|logit_newton|bins_te|ridge0p3|subject_class|top40,ridge,ridge0p3,subject_class,40.0,0.12,0.538635945098123,0.6062560555155727,-0.0029154294235651523,0.005577030524999138,0.6162044136056725,0.5051657892552961,0.5251187969903021,0.5604144136290202,0.5028723260506296,0.6062560555155727,ridge_residual_full,full,0.5415513745216881,0.6006790249905736,
ridge_logit_te_full,research/residual_single_model_opt_ridge_logit_te_full/target_choices_all.csv,S4,ridge|logit_newton|bins_te|ridge0p3|recent_class|top240,ridge,ridge0p3,recent_class,240.0,0.05,0.6288064158993424,0.5855204897697137,-0.0019926217052825823,-0.003133894871276466,0.5921701990219934,0.6535509814756131,0.5947127026284709,0.6427553370464525,0.664010732800181,0.5855204897697137,ridge_residual_full,full,0.630799037604625,0.5886543846409902,
blend_ridge_knn,research/residual_submission_blend/target_choices_all.csv,Q1,,,,,,,0.5904248838716277,0.6185058715032128,0.0,0.0,0.6233982693683049,0.542826510063604,0.6312121035496189,0.5935222474440965,0.5701035275859474,0.6185058715032128,ridge_knn_blend_composite,composite,0.5904248838716277,0.6185058715032128,anchor
blend_ridge_knn,research/residual_submission_blend/target_choices_all.csv,Q2,,,,,,,0.6928798566239225,0.6380843693004012,0.0,-1.1102230246251565e-16,0.6562648363636675,0.711513567173958,0.6320549532598854,0.7975184800361131,0.6842455848228304,0.6380843693004012,ridge_knn_blend_composite,composite,0.6928798566239225,0.6380843693004014,logit:anchor:0.20+ridge_residual_composite:0.80
blend_ridge_knn,research/residual_submission_blend/target_choices_all.csv,Q3,,,,,,,0.6626805461282006,0.6346920082407534,-1.1102230246251565e-16,0.0,0.6442038137020795,0.6945061214538462,0.6727576578357087,0.6955517920765923,0.613734493992541,0.6346920082407534,ridge_knn_blend_composite,composite,0.6626805461282007,0.6346920082407534,arith:anchor:0.20+ridge_residual_composite:0.50+knn_targetwise_guarded:0.30
blend_ridge_knn,research/residual_submission_blend/target_choices_all.csv,S1,,,,,,,0.4889969074517049,0.4327141718897659,-0.00335524576214713,-0.016830294127210266,0.4396189485958503,0.4704035984624281,0.4867948647174543,0.5299379223896,0.5235900222981676,0.4327141718897659,ridge_knn_blend_composite,composite,0.492352153213852,0.4495444660169762,logit:anchor:0.65+ridge_residual_full:0.35
blend_ridge_knn,research/residual_submission_blend/target_choices_all.csv,S2,,,,,,,0.5616316446878189,0.5867256036298656,0.0015112389981106755,-0.03608971926556781,0.5926819746203822,0.586087075466227,0.5315899472503148,0.5324740247428502,0.5708999148850425,0.5867256036298656,ridge_knn_blend_composite,composite,0.5601204056897082,0.6228153228954334,ridge_residual_composite
blend_ridge_knn,research/residual_submission_blend/target_choices_all.csv,S3,,,,,,,0.541335808833598,0.5954033437430996,-0.00021556568809011356,-0.005275681247474018,0.6025987575364451,0.5048217581965466,0.5296815337298241,0.569641858152581,0.5132336224334355,0.5954033437430996,ridge_knn_blend_composite,composite,0.5415513745216881,0.6006790249905736,logit:ridge_residual_composite:0.35+knn_targetwise_guarded:0.65
blend_ridge_knn,research/residual_submission_blend/target_choices_all.csv,S4,,,,,,,0.630799037604625,0.5886543846409902,0.0,0.0,0.5941676182721094,0.6568138600711415,0.5959304507305941,0.649066667040829,0.6602097780743036,0.5886543846409902,ridge_knn_blend_composite,composite,0.630799037604625,0.5886543846409902,anchor
blend_ridge_knn,research/residual_submission_blend/target_choices_all.csv,Q1,,,,,,,0.5904248838716277,0.6185058715032128,0.0,0.0,0.6233982693683049,0.542826510063604,0.6312121035496189,0.5935222474440965,0.5701035275859474,0.6185058715032128,ridge_knn_blend_last,last,0.5904248838716277,0.6185058715032128,anchor
blend_ridge_knn,research/residual_submission_blend/target_choices_all.csv,Q2,,,,,,,0.6928798566239225,0.6380843693004012,0.0,-1.1102230246251565e-16,0.6562648363636675,0.711513567173958,0.6320549532598854,0.7975184800361131,0.6842455848228304,0.6380843693004012,ridge_knn_blend_last,last,0.6928798566239225,0.6380843693004014,logit:anchor:0.20+ridge_residual_composite:0.80
blend_ridge_knn,research/residual_submission_blend/target_choices_all.csv,Q3,,,,,,,0.6626805461282006,0.6346920082407534,-1.1102230246251565e-16,0.0,0.6442038137020795,0.6945061214538462,0.6727576578357087,0.6955517920765923,0.613734493992541,0.6346920082407534,ridge_knn_blend_last,last,0.6626805461282007,0.6346920082407534,arith:anchor:0.20+ridge_residual_composite:0.50+knn_targetwise_guarded:0.30
blend_ridge_knn,research/residual_submission_blend/target_choices_all.csv,S1,,,,,,,0.4889969074517049,0.4327141718897659,-0.00335524576214713,-0.016830294127210266,0.4396189485958503,0.4704035984624281,0.4867948647174543,0.5299379223896,0.5235900222981676,0.4327141718897659,ridge_knn_blend_last,last,0.492352153213852,0.4495444660169762,logit:anchor:0.65+ridge_residual_full:0.35
blend_ridge_knn,research/residual_submission_blend/target_choices_all.csv,S2,,,,,,,0.5616316446878189,0.5867256036298656,0.0015112389981106755,-0.03608971926556781,0.5926819746203822,0.586087075466227,0.5315899472503148,0.5324740247428502,0.5708999148850425,0.5867256036298656,ridge_knn_blend_last,last,0.5601204056897082,0.6228153228954334,ridge_residual_composite
blend_ridge_knn,research/residual_submission_blend/target_choices_all.csv,S3,,,,,,,0.541335808833598,0.5954033437430996,-0.00021556568809011356,-0.005275681247474018,0.6025987575364451,0.5048217581965466,0.5296815337298241,0.569641858152581,0.5132336224334355,0.5954033437430996,ridge_knn_blend_last,last,0.5415513745216881,0.6006790249905736,logit:ridge_residual_composite:0.35+knn_targetwise_guarded:0.65
blend_ridge_knn,research/residual_submission_blend/target_choices_all.csv,S4,,,,,,,0.630799037604625,0.5886543846409902,0.0,0.0,0.5941676182721094,0.6568138600711415,0.5959304507305941,0.649066667040829,0.6602097780743036,0.5886543846409902,ridge_knn_blend_last,last,0.630799037604625,0.5886543846409902,anchor
blend_ridge_knn,research/residual_submission_blend/target_choices_all.csv,Q1,,,,,,,0.5904248838716277,0.6185058715032128,0.0,0.0,0.6233982693683049,0.542826510063604,0.6312121035496189,0.5935222474440965,0.5701035275859474,0.6185058715032128,ridge_knn_blend_full,full,0.5904248838716277,0.6185058715032128,anchor
blend_ridge_knn,research/residual_submission_blend/target_choices_all.csv,Q2,,,,,,,0.691678095823514,0.644783683856689,-0.001201760800408458,0.006699314556287694,0.6621742588436987,0.7078682814633284,0.6265763769431857,0.7948001594079389,0.6839580101540439,0.644783683856689,ridge_knn_blend_full,full,0.6928798566239225,0.6380843693004014,arith:anchor:0.20+ridge_residual_full:0.80
blend_ridge_knn,research/residual_submission_blend/target_choices_all.csv,Q3,,,,,,,0.6626805461282006,0.6346920082407534,-1.1102230246251565e-16,0.0,0.6442038137020795,0.6945061214538462,0.6727576578357087,0.6955517920765923,0.613734493992541,0.6346920082407534,ridge_knn_blend_full,full,0.6626805461282007,0.6346920082407534,arith:anchor:0.20+ridge_residual_composite:0.50+knn_targetwise_guarded:0.30
blend_ridge_knn,research/residual_submission_blend/target_choices_all.csv,S1,,,,,,,0.4889969074517049,0.4327141718897659,-0.00335524576214713,-0.016830294127210266,0.4396189485958503,0.4704035984624281,0.4867948647174543,0.5299379223896,0.5235900222981676,0.4327141718897659,ridge_knn_blend_full,full,0.492352153213852,0.4495444660169762,logit:anchor:0.65+ridge_residual_full:0.35
blend_ridge_knn,research/residual_submission_blend/target_choices_all.csv,S2,,,,,,,0.5546303811446845,0.598322132868772,-0.005490024545023675,-0.024493190026661393,0.6061618963265591,0.575284840360351,0.5215109027358491,0.5255376080567552,0.5535102058139818,0.598322132868772,ridge_knn_blend_full,full,0.5601204056897082,0.6228153228954334,ridge_residual_full
blend_ridge_knn,research/residual_submission_blend/target_choices_all.csv,S3,,,,,,,0.5289264119032117,0.6154436809680527,-0.012624962618476454,0.014764655977479113,0.6272315242593569,0.4708907351587907,0.5139625526466264,0.5737945001075431,0.4802752124589982,0.6154436809680527,ridge_knn_blend_full,full,0.5415513745216881,0.6006790249905736,logit:anchor:0.20+ridge_residual_full:0.80
blend_ridge_knn,research/residual_submission_blend/target_choices_all.csv,S4,,,,,,,0.630799037604625,0.5886543846409902,0.0,0.0,0.5941676182721094,0.6568138600711415,0.5959304507305941,0.649066667040829,0.6602097780743036,0.5886543846409902,ridge_knn_blend_full,full,0.630799037604625,0.5886543846409902,anchor
blend_logit_te_full,research/residual_submission_blend_ridge_logit_te_full/target_choices_all.csv,Q1,,,,,,,0.5907105098616053,0.61435817865119,0.00028562598997761146,-0.004147692852022766,0.618892603013076,0.5497558708136984,0.6284105330762898,0.589326266762065,0.57501545648424,0.61435817865119,ridge_knn_blend_composite,composite,0.5904248838716277,0.6185058715032128,arith:ridge_residual_composite:0.80+ridge_residual_full:0.20
blend_logit_te_full,research/residual_submission_blend_ridge_logit_te_full/target_choices_all.csv,Q2,,,,,,,0.693025082645073,0.6339898460190495,0.00014522602115052408,-0.004094523281351847,0.651583275245033,0.7192482570485388,0.6236180322501674,0.7941997530164753,0.692359853393818,0.6339898460190495,ridge_knn_blend_composite,composite,0.6928798566239225,0.6380843693004014,arith:ridge_residual_composite:0.80+ridge_residual_full:0.20
blend_logit_te_full,research/residual_submission_blend_ridge_logit_te_full/target_choices_all.csv,Q3,,,,,,,0.6644061739423034,0.6315311422438932,0.0017256278141026815,-0.0031608659968602737,0.6437159921189383,0.6933858323192359,0.6754734928788246,0.7039347541234202,0.6155673725070793,0.6315311422438932,ridge_knn_blend_composite,composite,0.6626805461282007,0.6346920082407534,arith:ridge_residual_composite:0.80+ridge_residual_full:0.20
blend_logit_te_full,research/residual_submission_blend_ridge_logit_te_full/target_choices_all.csv,S1,,,,,,,0.4920757193959629,0.4464543086442368,-0.00027643381788911014,-0.003090157372739377,0.4517967975380935,0.4725810309561877,0.488889884749642,0.5254034481423067,0.5259975450971971,0.4464543086442368,ridge_knn_blend_composite,composite,0.492352153213852,0.4495444660169762,arith:anchor:0.20+ridge_residual_composite:0.80
blend_logit_te_full,research/residual_submission_blend_ridge_logit_te_full/target_choices_all.csv,S2,,,,,,,0.5602930762003447,0.6069113860698571,0.00017267051063651895,-0.015903936825576337,0.6157641982851372,0.5907679627358868,0.5213062745363879,0.5305118397752954,0.5527202981458321,0.6069113860698571,ridge_knn_blend_composite,composite,0.5601204056897082,0.6228153228954334,logit:ridge_residual_composite:0.65+ridge_residual_full:0.35
blend_logit_te_full,research/residual_submission_blend_ridge_logit_te_full/target_choices_all.csv,S3,,,,,,,0.543002217199687,0.5985645544050635,0.001450842677998887,-0.0021144705855100643,0.6073387728087508,0.507323243963125,0.5312236697519669,0.5697775021112029,0.5142365747880997,0.5985645544050635,ridge_knn_blend_composite,composite,0.5415513745216881,0.6006790249905736,logit:ridge_residual_composite:0.65+knn_targetwise_guarded:0.35
blend_logit_te_full,research/residual_submission_blend_ridge_logit_te_full/target_choices_all.csv,S4,,,,,,,0.6293853826378858,0.5842825559679209,-0.0014136549667391751,-0.004371828673069289,0.5909845637989573,0.6551668354453191,0.5964867199794143,0.6432905423454721,0.6640516078894696,0.5842825559679209,ridge_knn_blend_composite,composite,0.630799037604625,0.5886543846409902,logit:ridge_residual_composite:0.50+ridge_residual_full:0.50
blend_logit_te_full,research/residual_submission_blend_ridge_logit_te_full/target_choices_all.csv,Q1,,,,,,,0.5924672431978325,0.6135258829518379,0.002042359326204779,-0.0049799885513749365,0.6192699014872367,0.5542367210370405,0.630689163826357,0.5918052744143457,0.5751262948674579,0.6135258829518379,ridge_knn_blend_last,last,0.5904248838716277,0.6185058715032128,ridge_residual_composite
blend_logit_te_full,research/residual_submission_blend_ridge_logit_te_full/target_choices_all.csv,Q2,,,,,,,0.6943304631474775,0.6338739480475895,0.001450606523554998,-0.004210421252811902,0.65232989043294,0.7203734682589511,0.6237606727621126,0.7946798019842466,0.6971417533159723,0.6338739480475895,ridge_knn_blend_last,last,0.6928798566239225,0.6380843693004014,ridge_residual_composite
blend_logit_te_full,research/residual_submission_blend_ridge_logit_te_full/target_choices_all.csv,Q3,,,,,,,0.6649253303028172,0.6308070941742566,0.0022447841746164876,-0.003884914066496825,0.6437533399754468,0.693174153349425,0.6762352203845322,0.706220023178338,0.6160602633909271,0.6308070941742566,ridge_knn_blend_last,last,0.6626805461282007,0.6346920082407534,ridge_residual_composite
blend_logit_te_full,research/residual_submission_blend_ridge_logit_te_full/target_choices_all.csv,S1,,,,,,,0.4924104682661646,0.4463520325827748,5.831505231257417e-05,-0.0031924334342013916,0.4518044573473173,0.4734283783616237,0.4895871916047168,0.5252448704513942,0.5263198787926597,0.4463520325827748,ridge_knn_blend_last,last,0.492352153213852,0.4495444660169762,ridge_residual_composite
blend_logit_te_full,research/residual_submission_blend_ridge_logit_te_full/target_choices_all.csv,S2,,,,,,,0.5628226857156599,0.6059516973098132,0.002702280025951631,-0.016863625585620157,0.6164969600014459,0.5983396561734854,0.5219377723767229,0.5328453528225819,0.5553331717534365,0.6059516973098132,ridge_knn_blend_last,last,0.5601204056897082,0.6228153228954334,ridge_residual_composite
blend_logit_te_full,research/residual_submission_blend_ridge_logit_te_full/target_choices_all.csv,S3,,,,,,,0.543002217199687,0.5985645544050635,0.001450842677998887,-0.0021144705855100643,0.6073387728087508,0.507323243963125,0.5312236697519669,0.5697775021112029,0.5142365747880997,0.5985645544050635,ridge_knn_blend_last,last,0.5415513745216881,0.6006790249905736,logit:ridge_residual_composite:0.65+knn_targetwise_guarded:0.35
blend_logit_te_full,research/residual_submission_blend_ridge_logit_te_full/target_choices_all.csv,S4,,,,,,,0.6297583930315469,0.584279987753213,-0.0010406445730780645,-0.004374396887777188,0.5909977156977347,0.6557849185757384,0.5971297740862617,0.6435918534361109,0.6643188801785752,0.584279987753213,ridge_knn_blend_last,last,0.630799037604625,0.5886543846409902,logit:ridge_residual_composite:0.65+ridge_residual_full:0.35
blend_logit_te_full,research/residual_submission_blend_ridge_logit_te_full/target_choices_all.csv,Q1,,,,,,,0.587182961439304,0.6189710553426604,-0.003241922432323685,0.00046518383944760267,0.6240551337782951,0.539013659913167,0.6204300253172846,0.5862006865952916,0.5754802475555074,0.6189710553426604,ridge_knn_blend_full,full,0.5904248838716277,0.6185058715032128,ridge_residual_full
blend_logit_te_full,research/residual_submission_blend_ridge_logit_te_full/target_choices_all.csv,Q2,,,,,,,0.6898804919422968,0.635809916022891,-0.002999364681625649,-0.002274453277510302,0.6539460876133071,0.7163148594559958,0.6246409071443026,0.7930545218245842,0.6782565537700364,0.635809916022891,ridge_knn_blend_full,full,0.6928798566239225,0.6380843693004014,ridge_residual_full
blend_logit_te_full,research/residual_submission_blend_ridge_logit_te_full/target_choices_all.csv,Q3,,,,,,,0.6626805461282007,0.6346920082407534,0.0,0.0,0.6442038137020795,0.6945061214538464,0.6727576578357087,0.6955517920765923,0.613734493992541,0.6346920082407534,ridge_knn_blend_full,full,0.6626805461282007,0.6346920082407534,anchor
blend_logit_te_full,research/residual_submission_blend_ridge_logit_te_full/target_choices_all.csv,S1,,,,,,,0.4910643082509548,0.4485522902351876,-0.0012878449628971889,-0.0009921757817885624,0.4537625358044009,0.4696506533200237,0.486615410634785,0.5242551146298274,0.5254805442016071,0.4485522902351876,ridge_knn_blend_full,full,0.492352153213852,0.4495444660169762,ridge_residual_full
blend_logit_te_full,research/residual_submission_blend_ridge_logit_te_full/target_choices_all.csv,S2,,,,,,,0.5578069729497175,0.6127953018623451,-0.0023134327399907395,-0.0100200210330883,0.6225452560831378,0.5760523172695928,0.5226642982280154,0.5273138459506576,0.5520274444621424,0.6127953018623451,ridge_knn_blend_full,full,0.5601204056897082,0.6228153228954334,logit:anchor:0.20+ridge_residual_full:0.80
blend_logit_te_full,research/residual_submission_blend_ridge_logit_te_full/target_choices_all.csv,S3,,,,,,,0.538635945098123,0.6062560555155727,-0.0029154294235651523,0.005577030524999138,0.6162044136056725,0.5051657892552961,0.5251187969903021,0.5604144136290202,0.5028723260506296,0.6062560555155727,ridge_knn_blend_full,full,0.5415513745216881,0.6006790249905736,ridge_residual_full
blend_logit_te_full,research/residual_submission_blend_ridge_logit_te_full/target_choices_all.csv,S4,,,,,,,0.6288064158993424,0.5855204897697137,-0.0019926217052825823,-0.003133894871276466,0.5921701990219934,0.6535509814756131,0.5947127026284709,0.6427553370464525,0.664010732800181,0.5855204897697137,ridge_knn_blend_full,full,0.630799037604625,0.5886543846409902,ridge_residual_full
