run,path,target,config_key,model,param_profile,weight_profile,top_k,shrink,full_logloss,last_logloss,full_delta_vs_anchor,last_delta_vs_anchor,rank_score,fold0_logloss,fold1_logloss,fold2_logloss,fold3_logloss,fold4_logloss,candidate,selection_mode,anchor_full,anchor_last,source,tail3_worst,tail3_worst_delta_vs_anchor,fold_std,selector_last_guard,selector_full_cap,selector_alpha,selector_tail_guard,selector_score
ridge_logit_newton,research/residual_single_model_opt_ridge_logit_newton/target_choices_all.csv,Q1,ridge|logit_newton|ridge3|subject_class|top40,ridge,ridge3,subject_class,40.0,0.35,0.5898889020581386,0.5984797793482458,-0.0005359818134891281,-0.02002609215496698,0.5990260908935917,0.5334081970299093,0.6319211600914815,0.5923280621961026,0.5964368233202003,0.5984797793482458,ridge_residual_composite,composite,0.5904248838716277,0.6185058715032128,,,,,,,,,
ridge_logit_newton,research/residual_single_model_opt_ridge_logit_newton/target_choices_all.csv,Q2,ridge|logit_newton|ridge100|subject_class|top80,ridge,ridge100,subject_class,80.0,0.08,0.6940407398314826,0.636451957923523,0.0011608832075601372,-0.0016324113768783066,0.6545986493930669,0.716926608357212,0.6253969209766422,0.7945970969750168,0.6953431248797436,0.636451957923523,ridge_residual_composite,composite,0.6928798566239225,0.6380843693004014,,,,,,,,,
ridge_logit_newton,research/residual_single_model_opt_ridge_logit_newton/target_choices_all.csv,Q3,ridge|logit_newton|ridge0p3|uniform|top240,ridge,ridge0p3,uniform,240.0,0.01,0.6633066442802005,0.6336411202130555,0.0006260981519997655,-0.001050888027697927,0.6440315916331624,0.6958513088256187,0.6726186619002096,0.6978971377170513,0.6142788353574411,0.6336411202130555,ridge_residual_composite,composite,0.6626805461282007,0.6346920082407534,,,,,,,,,
ridge_logit_newton,research/residual_single_model_opt_ridge_logit_newton/target_choices_all.csv,S1,ridge|logit_newton|ridge100|uniform|top80,ridge,ridge100,uniform,80.0,0.08,0.4920301003811084,0.4433032619659718,-0.0003220528327436134,-0.006241204051004368,0.4496684978108441,0.4680911612816549,0.4887106292043406,0.5326688299710852,0.526555860303115,0.4433032619659718,ridge_residual_composite,composite,0.492352153213852,0.4495444660169762,,,,,,,,,
ridge_logit_newton,research/residual_single_model_opt_ridge_logit_newton/target_choices_all.csv,S2,ridge|logit_newton|ridge0p3|recent_resid|top120,ridge,ridge0p3,recent_resid,120.0,0.2,0.5566835766917694,0.5841610094151621,-0.0034368289979388456,-0.03865431348027126,0.5890295980275948,0.5811762406736896,0.5229038119399869,0.5379154323735896,0.5573777572702442,0.5841610094151621,ridge_residual_composite,composite,0.5601204056897082,0.6228153228954334,,,,,,,,,
ridge_logit_newton,research/residual_single_model_opt_ridge_logit_newton/target_choices_all.csv,S3,ridge|logit_newton|ridge0p3|recent_resid|top160,ridge,ridge0p3,recent_resid,160.0,0.12,0.541209717317181,0.5941015221800663,-0.00034165720450707315,-0.006577502810507285,0.6008332102838841,0.4997927614632474,0.5314159018556565,0.5770462585027221,0.5101814643001433,0.5941015221800663,ridge_residual_composite,composite,0.5415513745216881,0.6006790249905736,,,,,,,,,
ridge_logit_newton,research/residual_single_model_opt_ridge_logit_newton/target_choices_all.csv,S4,ridge|logit_newton|ridge0p3|recent_class|top40,ridge,ridge0p3,recent_class,40.0,0.2,0.6244708200036657,0.5794766364134205,-0.006328217600959252,-0.009177748227569671,0.5865903733073708,0.6550866158787237,0.576433022343837,0.6430442620060609,0.6646134759143686,0.5794766364134205,ridge_residual_composite,composite,0.630799037604625,0.5886543846409902,,,,,,,,,
ridge_logit_newton,research/residual_single_model_opt_ridge_logit_newton/target_choices_all.csv,Q1,ridge|logit_newton|ridge1|subject_class|top40,ridge,ridge1,subject_class,40.0,0.5,0.5979150589904834,0.5963948403265755,0.007490175118855635,-0.022111031176637264,0.6054246329317184,0.5403187647100796,0.6441173111728568,0.5952786240204352,0.6158103103293721,0.5963948403265755,ridge_residual_last,last,0.5904248838716277,0.6185058715032128,,,,,,,,,
ridge_logit_newton,research/residual_single_model_opt_ridge_logit_newton/target_choices_all.csv,Q2,ridge|logit_newton|ridge100|subject_class|top120,ridge,ridge100,subject_class,120.0,0.12,0.6987415814488945,0.6356930614589933,0.005861724824972048,-0.0023913078414080635,0.6574556655066073,0.7293537135195803,0.6222499048566729,0.7971830155231797,0.7069709003915488,0.6356930614589933,ridge_residual_last,last,0.6928798566239225,0.6380843693004014,,,,,,,,,
ridge_logit_newton,research/residual_single_model_opt_ridge_logit_newton/target_choices_all.csv,Q3,ridge|logit_newton|ridge0p3|uniform|top240,ridge,ridge0p3,uniform,240.0,0.03,0.6651778505733567,0.6324722584320684,0.0024973044451559456,-0.002219749808685001,0.6451695383963704,0.6990590271950662,0.6728578657342611,0.703401787451977,0.6157127486830949,0.6324722584320684,ridge_residual_last,last,0.6626805461282007,0.6346920082407534,,,,,,,,,
ridge_logit_newton,research/residual_single_model_opt_ridge_logit_newton/target_choices_all.csv,S1,ridge|logit_newton|ridge100|uniform|top80,ridge,ridge100,uniform,80.0,0.08,0.4920301003811084,0.4433032619659718,-0.0003220528327436134,-0.006241204051004368,0.4496684978108441,0.4680911612816549,0.4887106292043406,0.5326688299710852,0.526555860303115,0.4433032619659718,ridge_residual_last,last,0.492352153213852,0.4495444660169762,,,,,,,,,
ridge_logit_newton,research/residual_single_model_opt_ridge_logit_newton/target_choices_all.csv,S2,ridge|logit_newton|ridge0p3|recent_resid|top120,ridge,ridge0p3,recent_resid,120.0,0.2,0.5566835766917694,0.5841610094151621,-0.0034368289979388456,-0.03865431348027126,0.5890295980275948,0.5811762406736896,0.5229038119399869,0.5379154323735896,0.5573777572702442,0.5841610094151621,ridge_residual_last,last,0.5601204056897082,0.6228153228954334,,,,,,,,,
ridge_logit_newton,research/residual_single_model_opt_ridge_logit_newton/target_choices_all.csv,S3,ridge|logit_newton|ridge0p3|recent_resid|top160,ridge,ridge0p3,recent_resid,160.0,0.08,0.5396319056080582,0.5940046405432852,-0.0019194689136299292,-0.006674384447288406,0.6011822912215214,0.5001137912045779,0.5301056816996078,0.5726051749125719,0.5077393460004549,0.5940046405432852,ridge_residual_last,last,0.5415513745216881,0.6006790249905736,,,,,,,,,
ridge_logit_newton,research/residual_single_model_opt_ridge_logit_newton/target_choices_all.csv,S4,ridge|logit_newton|ridge0p3|recent_class|top40,ridge,ridge0p3,recent_class,40.0,0.35,0.6239135387292193,0.5786130379354122,-0.006885498875405682,-0.010041346705577991,0.5866348133076776,0.658460074484369,0.5678606726848935,0.6408104943495565,0.6698750814344756,0.5786130379354122,ridge_residual_last,last,0.630799037604625,0.5886543846409902,,,,,,,,,
ridge_logit_newton,research/residual_single_model_opt_ridge_logit_newton/target_choices_all.csv,Q1,ridge|logit_newton|ridge10|subject_class|top40,ridge,ridge10,subject_class,40.0,0.2,0.5879679030351407,0.606532805999241,-0.002456980836487044,-0.011973065503971814,0.6090954778720524,0.5344377418210166,0.6279702835911901,0.5925123364637841,0.582113197442527,0.606532805999241,ridge_residual_full,full,0.5904248838716277,0.6185058715032128,,,,,,,,,
ridge_logit_newton,research/residual_single_model_opt_ridge_logit_newton/target_choices_all.csv,Q2,ridge|logit_newton|ridge0p3|recent_resid|top80,ridge,ridge0p3,recent_resid,80.0,0.08,0.6911827255634775,0.6511152110271726,-0.0016971310604450007,0.01303084172677127,0.6682803480283349,0.7044524673235838,0.6259293080783636,0.7943954753534919,0.6801986846623773,0.6511152110271726,ridge_residual_full,full,0.6928798566239225,0.6380843693004014,,,,,,,,,
ridge_logit_newton,research/residual_single_model_opt_ridge_logit_newton/target_choices_all.csv,Q3,ridge|logit_newton|ridge0p3|uniform|top40,ridge,ridge0p3,uniform,40.0,0.0,0.6626805461282007,0.6346920082407534,0.0,0.0,0.6442038137020795,0.6945061214538464,0.6727576578357087,0.6955517920765923,0.613734493992541,0.6346920082407534,ridge_residual_full,full,0.6626805461282007,0.6346920082407534,,,,,,,,,
ridge_logit_newton,research/residual_single_model_opt_ridge_logit_newton/target_choices_all.csv,S1,ridge|logit_newton|ridge100|recent_class|top40,ridge,ridge100,recent_class,40.0,0.2,0.4901356633045168,0.4556921744645282,-0.0022164899093352064,0.006147708447552025,0.460558583789504,0.4650790758479786,0.4913857518495029,0.5223675356983295,0.5160467570574936,0.4556921744645282,ridge_residual_full,full,0.492352153213852,0.4495444660169762,,,,,,,,,
ridge_logit_newton,research/residual_single_model_opt_ridge_logit_newton/target_choices_all.csv,S2,ridge|logit_newton|ridge0p3|recent_class|top120,ridge,ridge0p3,recent_class,120.0,0.12,0.5523303237543977,0.5924888746662644,-0.0077900819353105,-0.030326448229168967,0.5997704406155723,0.5718257411801718,0.5225637811533103,0.527765274225347,0.5479889858675647,0.5924888746662644,ridge_residual_full,full,0.5601204056897082,0.6228153228954334,,,,,,,,,
ridge_logit_newton,research/residual_single_model_opt_ridge_logit_newton/target_choices_all.csv,S3,ridge|logit_newton|ridge0p3|uniform|top40,ridge,ridge0p3,uniform,40.0,0.5,0.5077276302852942,0.6061629831879852,-0.03382374423639389,0.005483958197411654,0.6213735179888791,0.4712571436139721,0.4861809776849146,0.5392001640813648,0.4449677802811975,0.6061629831879852,ridge_residual_full,full,0.5415513745216881,0.6006790249905736,,,,,,,,,
ridge_logit_newton,research/residual_single_model_opt_ridge_logit_newton/target_choices_all.csv,S4,ridge|logit_newton|ridge0p3|subject_class|top40,ridge,ridge0p3,subject_class,40.0,0.35,0.6226433776469416,0.5839384495097777,-0.008155659957683414,-0.00471593513121249,0.5907718293769757,0.6548408438339655,0.5680474978799893,0.6398469516811186,0.663143049599433,0.5839384495097777,ridge_residual_full,full,0.630799037604625,0.5886543846409902,,,,,,,,,
ridge_logit_te_full,research/residual_single_model_opt_ridge_logit_te_full/target_choices_all.csv,Q1,ridge|logit_newton|bins_te|ridge0p3|recent_class|top160,ridge,ridge0p3,recent_class,160.0,0.08,0.5924672431978325,0.6135258829518379,0.002042359326204779,-0.0049799885513749365,0.6192699014872367,0.5542367210370404,0.630689163826357,0.5918052744143457,0.5751262948674579,0.6135258829518379,ridge_residual_composite,composite,0.5904248838716277,0.6185058715032128,,,,,,,,,
ridge_logit_te_full,research/residual_single_model_opt_ridge_logit_te_full/target_choices_all.csv,Q2,ridge|logit_newton|bins_te|ridge100|subject_class|top120,ridge,ridge100,subject_class,120.0,0.08,0.6943304631474775,0.6338739480475895,0.001450606523554998,-0.004210421252811902,0.65232989043294,0.7203734682589511,0.6237606727621127,0.7946798019842466,0.6971417533159723,0.6338739480475895,ridge_residual_composite,composite,0.6928798566239225,0.6380843693004014,,,,,,,,,
ridge_logit_te_full,research/residual_single_model_opt_ridge_logit_te_full/target_choices_all.csv,Q3,ridge|logit_newton|bins_te|ridge0p3|uniform|top240,ridge,ridge0p3,uniform,240.0,0.02,0.6649253303028172,0.6308070941742566,0.0022447841746164876,-0.003884914066496825,0.6437533399754468,0.693174153349425,0.6762352203845322,0.706220023178338,0.6160602633909271,0.6308070941742566,ridge_residual_composite,composite,0.6626805461282007,0.6346920082407534,,,,,,,,,
ridge_logit_te_full,research/residual_single_model_opt_ridge_logit_te_full/target_choices_all.csv,S1,ridge|logit_newton|bins_te|ridge3|recent_class|top240,ridge,ridge3,recent_class,240.0,0.05,0.4924104682661646,0.4463520325827748,5.831505231257417e-05,-0.0031924334342013916,0.4518044573473172,0.4734283783616236,0.4895871916047168,0.5252448704513942,0.5263198787926597,0.4463520325827748,ridge_residual_composite,composite,0.492352153213852,0.4495444660169762,,,,,,,,,
ridge_logit_te_full,research/residual_single_model_opt_ridge_logit_te_full/target_choices_all.csv,S2,ridge|logit_newton|bins_te|ridge10|recent_class|top80,ridge,ridge10,recent_class,80.0,0.2,0.56282268571566,0.6059516973098132,0.002702280025951742,-0.016863625585620157,0.616496960001446,0.5983396561734854,0.5219377723767229,0.5328453528225819,0.5553331717534365,0.6059516973098132,ridge_residual_composite,composite,0.5601204056897082,0.6228153228954334,,,,,,,,,
ridge_logit_te_full,research/residual_single_model_opt_ridge_logit_te_full/target_choices_all.csv,S3,ridge|logit_newton|bins_te|ridge0p3|recent_resid|top160,ridge,ridge0p3,recent_resid,160.0,0.03,0.5429894625421182,0.598819715316213,0.001438088020430106,-0.001859309674360543,0.6076651910637219,0.5072644070172685,0.5317112293459989,0.5699712043188175,0.5133217123614588,0.598819715316213,ridge_residual_composite,composite,0.5415513745216881,0.6006790249905736,,,,,,,,,
ridge_logit_te_full,research/residual_single_model_opt_ridge_logit_te_full/target_choices_all.csv,S4,ridge|logit_newton|bins_te|ridge0p3|recent_class|top40,ridge,ridge0p3,recent_class,40.0,0.08,0.6309899963556173,0.5849838605718231,0.0001909587509922872,-0.003670524069167125,0.5918959768164096,0.6574681182817963,0.5988287610923331,0.6445354057507189,0.6653831429580944,0.5849838605718231,ridge_residual_composite,composite,0.630799037604625,0.5886543846409902,,,,,,,,,
ridge_logit_te_full,research/residual_single_model_opt_ridge_logit_te_full/target_choices_all.csv,Q1,ridge|logit_newton|bins_te|ridge0p3|subject_class|top160,ridge,ridge0p3,subject_class,160.0,0.2,0.6138911516003381,0.6102843032135797,0.02346626772871041,-0.008221568289633052,0.6348573155119598,0.5940212535770112,0.6327800466067289,0.637826464309103,0.5959683544699826,0.6102843032135797,ridge_residual_last,last,0.5904248838716277,0.6185058715032128,,,,,,,,,
ridge_logit_te_full,research/residual_single_model_opt_ridge_logit_te_full/target_choices_all.csv,Q2,ridge|logit_newton|bins_te|ridge100|uniform|top120,ridge,ridge100,uniform,120.0,0.12,0.6978839754840116,0.6329524797654529,0.005004118860089113,-0.005131889534948475,0.6535817131492155,0.7295767514188649,0.6202152004996823,0.7942555699168601,0.7099226747779644,0.6329524797654529,ridge_residual_last,last,0.6928798566239225,0.6380843693004014,,,,,,,,,
ridge_logit_te_full,research/residual_single_model_opt_ridge_logit_te_full/target_choices_all.csv,Q3,ridge|logit_newton|bins_te|ridge0p3|uniform|top240,ridge,ridge0p3,uniform,240.0,0.12,0.6861389688287172,0.6227638372176388,0.023458422700516457,-0.011928171023114609,0.6622682998766064,0.6950485124737101,0.7035298527700757,0.774645371482836,0.633054855295104,0.6227638372176388,ridge_residual_last,last,0.6626805461282007,0.6346920082407534,,,,,,,,,
ridge_logit_te_full,research/residual_single_model_opt_ridge_logit_te_full/target_choices_all.csv,S1,ridge|logit_newton|bins_te|ridge1|recent_resid|top240,ridge,ridge1,recent_resid,240.0,0.05,0.4921635559757896,0.4462078593411809,-0.00018859723806241568,-0.003336606675795273,0.4518359790502795,0.471781842859021,0.488522051399993,0.5252996336675286,0.5279646443225942,0.4462078593411809,ridge_residual_last,last,0.492352153213852,0.4495444660169762,,,,,,,,,
ridge_logit_te_full,research/residual_single_model_opt_ridge_logit_te_full/target_choices_all.csv,S2,ridge|logit_newton|bins_te|ridge100|recent_class|top40,ridge,ridge100,recent_class,40.0,0.5,0.5831923099270798,0.600229458518873,0.0230719042373716,-0.022585864376560405,0.623401545422508,0.6205217214409466,0.537091533303578,0.5531935670182162,0.6034187750325629,0.600229458518873,ridge_residual_last,last,0.5601204056897082,0.6228153228954334,,,,,,,,,
ridge_logit_te_full,research/residual_single_model_opt_ridge_logit_te_full/target_choices_all.csv,S3,ridge|logit_newton|bins_te|ridge0p3|recent_resid|top160,ridge,ridge0p3,recent_resid,160.0,0.05,0.5445600978096841,0.5984109198507523,0.0030087232879959513,-0.0022681051398212304,0.6082261868379567,0.5099438978163526,0.5324774686096226,0.5722744263951545,0.5156796304202323,0.5984109198507523,ridge_residual_last,last,0.5415513745216881,0.6006790249905736,,,,,,,,,
ridge_logit_te_full,research/residual_single_model_opt_ridge_logit_te_full/target_choices_all.csv,S4,ridge|logit_newton|bins_te|ridge0p3|recent_class|top40,ridge,ridge0p3,recent_class,40.0,0.2,0.6358809354536441,0.5830210692368292,0.005081897849019135,-0.00563331540416101,0.5957298954696955,0.6644161378859592,0.6076933546655691,0.6435723230766418,0.6762157941157356,0.5830210692368292,ridge_residual_last,last,0.630799037604625,0.5886543846409902,,,,,,,,,
ridge_logit_te_full,research/residual_single_model_opt_ridge_logit_te_full/target_choices_all.csv,Q1,ridge|logit_newton|bins_te|ridge10|subject_class|top80,ridge,ridge10,subject_class,80.0,0.12,0.5871829614393039,0.6189710553426604,-0.003241922432323796,0.00046518383944760267,0.6240551337782951,0.539013659913167,0.6204300253172846,0.5862006865952915,0.5754802475555074,0.6189710553426604,ridge_residual_full,full,0.5904248838716277,0.6185058715032128,,,,,,,,,
ridge_logit_te_full,research/residual_single_model_opt_ridge_logit_te_full/target_choices_all.csv,Q2,ridge|logit_newton|bins_te|ridge0p3|recent_resid|top40,ridge,ridge0p3,recent_resid,40.0,0.08,0.6898804919422968,0.635809916022891,-0.002999364681625649,-0.002274453277510302,0.6539460876133071,0.7163148594559958,0.6246409071443026,0.7930545218245842,0.6782565537700364,0.635809916022891,ridge_residual_full,full,0.6928798566239225,0.6380843693004014,,,,,,,,,
ridge_logit_te_full,research/residual_single_model_opt_ridge_logit_te_full/target_choices_all.csv,Q3,ridge|logit_newton|bins_te|ridge0p3|uniform|top40,ridge,ridge0p3,uniform,40.0,0.0,0.6626805461282007,0.6346920082407534,0.0,0.0,0.6442038137020795,0.6945061214538464,0.6727576578357087,0.6955517920765923,0.613734493992541,0.6346920082407534,ridge_residual_full,full,0.6626805461282007,0.6346920082407534,,,,,,,,,
ridge_logit_te_full,research/residual_single_model_opt_ridge_logit_te_full/target_choices_all.csv,S1,ridge|logit_newton|bins_te|ridge0p3|recent_class|top240,ridge,ridge0p3,recent_class,240.0,0.03,0.4910643082509548,0.4485522902351876,-0.0012878449628971889,-0.0009921757817885624,0.4537625358044009,0.4696506533200237,0.486615410634785,0.5242551146298274,0.5254805442016071,0.4485522902351876,ridge_residual_full,full,0.492352153213852,0.4495444660169762,,,,,,,,,
ridge_logit_te_full,research/residual_single_model_opt_ridge_logit_te_full/target_choices_all.csv,S2,ridge|logit_newton|bins_te|ridge0p3|recent_resid|top80,ridge,ridge0p3,recent_resid,80.0,0.08,0.5578306344512246,0.6112469364469745,-0.0022897712384836177,-0.011568386448458923,0.6207986241589384,0.5782249715573807,0.5221137739604954,0.5282728432722235,0.5509457139422673,0.6112469364469745,ridge_residual_full,full,0.5601204056897082,0.6228153228954334,,,,,,,,,
ridge_logit_te_full,research/residual_single_model_opt_ridge_logit_te_full/target_choices_all.csv,S3,ridge|logit_newton|bins_te|ridge0p3|subject_class|top40,ridge,ridge0p3,subject_class,40.0,0.12,0.538635945098123,0.6062560555155727,-0.0029154294235651523,0.005577030524999138,0.6162044136056725,0.5051657892552961,0.5251187969903021,0.5604144136290202,0.5028723260506296,0.6062560555155727,ridge_residual_full,full,0.5415513745216881,0.6006790249905736,,,,,,,,,
ridge_logit_te_full,research/residual_single_model_opt_ridge_logit_te_full/target_choices_all.csv,S4,ridge|logit_newton|bins_te|ridge0p3|recent_class|top240,ridge,ridge0p3,recent_class,240.0,0.05,0.6288064158993424,0.5855204897697137,-0.0019926217052825823,-0.003133894871276466,0.5921701990219934,0.6535509814756131,0.5947127026284709,0.6427553370464525,0.664010732800181,0.5855204897697137,ridge_residual_full,full,0.630799037604625,0.5886543846409902,,,,,,,,,
blend_ridge_knn,research/residual_submission_blend/target_choices_all.csv,Q1,,,,,,,0.5904248838716277,0.6185058715032128,0.0,0.0,0.6233982693683049,0.542826510063604,0.6312121035496189,0.5935222474440965,0.5701035275859474,0.6185058715032128,ridge_knn_blend_composite,composite,0.5904248838716277,0.6185058715032128,anchor,,,,,,,,
blend_ridge_knn,research/residual_submission_blend/target_choices_all.csv,Q2,,,,,,,0.6928798566239225,0.6380843693004012,0.0,-1.1102230246251565e-16,0.6562648363636675,0.711513567173958,0.6320549532598854,0.7975184800361131,0.6842455848228304,0.6380843693004012,ridge_knn_blend_composite,composite,0.6928798566239225,0.6380843693004014,logit:anchor:0.20+ridge_residual_composite:0.80,,,,,,,,
blend_ridge_knn,research/residual_submission_blend/target_choices_all.csv,Q3,,,,,,,0.6626805461282006,0.6346920082407534,-1.1102230246251565e-16,0.0,0.6442038137020795,0.6945061214538462,0.6727576578357087,0.6955517920765923,0.613734493992541,0.6346920082407534,ridge_knn_blend_composite,composite,0.6626805461282007,0.6346920082407534,arith:anchor:0.20+ridge_residual_composite:0.50+knn_targetwise_guarded:0.30,,,,,,,,
blend_ridge_knn,research/residual_submission_blend/target_choices_all.csv,S1,,,,,,,0.4889969074517049,0.4327141718897659,-0.00335524576214713,-0.016830294127210266,0.4396189485958503,0.4704035984624281,0.4867948647174543,0.5299379223896,0.5235900222981676,0.4327141718897659,ridge_knn_blend_composite,composite,0.492352153213852,0.4495444660169762,logit:anchor:0.65+ridge_residual_full:0.35,,,,,,,,
blend_ridge_knn,research/residual_submission_blend/target_choices_all.csv,S2,,,,,,,0.5616316446878189,0.5867256036298656,0.0015112389981106755,-0.03608971926556781,0.5926819746203822,0.586087075466227,0.5315899472503148,0.5324740247428502,0.5708999148850425,0.5867256036298656,ridge_knn_blend_composite,composite,0.5601204056897082,0.6228153228954334,ridge_residual_composite,,,,,,,,
blend_ridge_knn,research/residual_submission_blend/target_choices_all.csv,S3,,,,,,,0.541335808833598,0.5954033437430996,-0.00021556568809011356,-0.005275681247474018,0.6025987575364451,0.5048217581965466,0.5296815337298241,0.569641858152581,0.5132336224334355,0.5954033437430996,ridge_knn_blend_composite,composite,0.5415513745216881,0.6006790249905736,logit:ridge_residual_composite:0.35+knn_targetwise_guarded:0.65,,,,,,,,
blend_ridge_knn,research/residual_submission_blend/target_choices_all.csv,S4,,,,,,,0.630799037604625,0.5886543846409902,0.0,0.0,0.5941676182721094,0.6568138600711415,0.5959304507305941,0.649066667040829,0.6602097780743036,0.5886543846409902,ridge_knn_blend_composite,composite,0.630799037604625,0.5886543846409902,anchor,,,,,,,,
blend_ridge_knn,research/residual_submission_blend/target_choices_all.csv,Q1,,,,,,,0.5904248838716277,0.6185058715032128,0.0,0.0,0.6233982693683049,0.542826510063604,0.6312121035496189,0.5935222474440965,0.5701035275859474,0.6185058715032128,ridge_knn_blend_last,last,0.5904248838716277,0.6185058715032128,anchor,,,,,,,,
blend_ridge_knn,research/residual_submission_blend/target_choices_all.csv,Q2,,,,,,,0.6928798566239225,0.6380843693004012,0.0,-1.1102230246251565e-16,0.6562648363636675,0.711513567173958,0.6320549532598854,0.7975184800361131,0.6842455848228304,0.6380843693004012,ridge_knn_blend_last,last,0.6928798566239225,0.6380843693004014,logit:anchor:0.20+ridge_residual_composite:0.80,,,,,,,,
blend_ridge_knn,research/residual_submission_blend/target_choices_all.csv,Q3,,,,,,,0.6626805461282006,0.6346920082407534,-1.1102230246251565e-16,0.0,0.6442038137020795,0.6945061214538462,0.6727576578357087,0.6955517920765923,0.613734493992541,0.6346920082407534,ridge_knn_blend_last,last,0.6626805461282007,0.6346920082407534,arith:anchor:0.20+ridge_residual_composite:0.50+knn_targetwise_guarded:0.30,,,,,,,,
blend_ridge_knn,research/residual_submission_blend/target_choices_all.csv,S1,,,,,,,0.4889969074517049,0.4327141718897659,-0.00335524576214713,-0.016830294127210266,0.4396189485958503,0.4704035984624281,0.4867948647174543,0.5299379223896,0.5235900222981676,0.4327141718897659,ridge_knn_blend_last,last,0.492352153213852,0.4495444660169762,logit:anchor:0.65+ridge_residual_full:0.35,,,,,,,,
blend_ridge_knn,research/residual_submission_blend/target_choices_all.csv,S2,,,,,,,0.5616316446878189,0.5867256036298656,0.0015112389981106755,-0.03608971926556781,0.5926819746203822,0.586087075466227,0.5315899472503148,0.5324740247428502,0.5708999148850425,0.5867256036298656,ridge_knn_blend_last,last,0.5601204056897082,0.6228153228954334,ridge_residual_composite,,,,,,,,
blend_ridge_knn,research/residual_submission_blend/target_choices_all.csv,S3,,,,,,,0.541335808833598,0.5954033437430996,-0.00021556568809011356,-0.005275681247474018,0.6025987575364451,0.5048217581965466,0.5296815337298241,0.569641858152581,0.5132336224334355,0.5954033437430996,ridge_knn_blend_last,last,0.5415513745216881,0.6006790249905736,logit:ridge_residual_composite:0.35+knn_targetwise_guarded:0.65,,,,,,,,
blend_ridge_knn,research/residual_submission_blend/target_choices_all.csv,S4,,,,,,,0.630799037604625,0.5886543846409902,0.0,0.0,0.5941676182721094,0.6568138600711415,0.5959304507305941,0.649066667040829,0.6602097780743036,0.5886543846409902,ridge_knn_blend_last,last,0.630799037604625,0.5886543846409902,anchor,,,,,,,,
blend_ridge_knn,research/residual_submission_blend/target_choices_all.csv,Q1,,,,,,,0.5904248838716277,0.6185058715032128,0.0,0.0,0.6233982693683049,0.542826510063604,0.6312121035496189,0.5935222474440965,0.5701035275859474,0.6185058715032128,ridge_knn_blend_full,full,0.5904248838716277,0.6185058715032128,anchor,,,,,,,,
blend_ridge_knn,research/residual_submission_blend/target_choices_all.csv,Q2,,,,,,,0.691678095823514,0.644783683856689,-0.001201760800408458,0.006699314556287694,0.6621742588436987,0.7078682814633284,0.6265763769431857,0.7948001594079389,0.6839580101540439,0.644783683856689,ridge_knn_blend_full,full,0.6928798566239225,0.6380843693004014,arith:anchor:0.20+ridge_residual_full:0.80,,,,,,,,
blend_ridge_knn,research/residual_submission_blend/target_choices_all.csv,Q3,,,,,,,0.6626805461282006,0.6346920082407534,-1.1102230246251565e-16,0.0,0.6442038137020795,0.6945061214538462,0.6727576578357087,0.6955517920765923,0.613734493992541,0.6346920082407534,ridge_knn_blend_full,full,0.6626805461282007,0.6346920082407534,arith:anchor:0.20+ridge_residual_composite:0.50+knn_targetwise_guarded:0.30,,,,,,,,
blend_ridge_knn,research/residual_submission_blend/target_choices_all.csv,S1,,,,,,,0.4889969074517049,0.4327141718897659,-0.00335524576214713,-0.016830294127210266,0.4396189485958503,0.4704035984624281,0.4867948647174543,0.5299379223896,0.5235900222981676,0.4327141718897659,ridge_knn_blend_full,full,0.492352153213852,0.4495444660169762,logit:anchor:0.65+ridge_residual_full:0.35,,,,,,,,
blend_ridge_knn,research/residual_submission_blend/target_choices_all.csv,S2,,,,,,,0.5546303811446845,0.598322132868772,-0.005490024545023675,-0.024493190026661393,0.6061618963265591,0.575284840360351,0.5215109027358491,0.5255376080567552,0.5535102058139818,0.598322132868772,ridge_knn_blend_full,full,0.5601204056897082,0.6228153228954334,ridge_residual_full,,,,,,,,
blend_ridge_knn,research/residual_submission_blend/target_choices_all.csv,S3,,,,,,,0.5289264119032117,0.6154436809680527,-0.012624962618476454,0.014764655977479113,0.6272315242593569,0.4708907351587907,0.5139625526466264,0.5737945001075431,0.4802752124589982,0.6154436809680527,ridge_knn_blend_full,full,0.5415513745216881,0.6006790249905736,logit:anchor:0.20+ridge_residual_full:0.80,,,,,,,,
blend_ridge_knn,research/residual_submission_blend/target_choices_all.csv,S4,,,,,,,0.630799037604625,0.5886543846409902,0.0,0.0,0.5941676182721094,0.6568138600711415,0.5959304507305941,0.649066667040829,0.6602097780743036,0.5886543846409902,ridge_knn_blend_full,full,0.630799037604625,0.5886543846409902,anchor,,,,,,,,
blend_ridge_logit_newton,research/residual_submission_blend_ridge_logit_newton/target_choices_all.csv,Q1,,,,,,,0.5898889020581386,0.5984797793482457,-0.0005359818134891281,-0.02002609215496709,0.5990260908935916,0.5334081970299094,0.6319211600914815,0.5923280621961026,0.5964368233202003,0.5984797793482457,ridge_knn_blend_composite,composite,0.5904248838716277,0.6185058715032128,ridge_residual_composite,,,,,,,,
blend_ridge_logit_newton,research/residual_submission_blend_ridge_logit_newton/target_choices_all.csv,Q2,,,,,,,0.6935117074727225,0.6366437138193223,0.0006318508488000196,-0.0014406554810790784,0.6545857443833664,0.7157322861598051,0.6265643828831511,0.7949850792247882,0.6922520844917924,0.6366437138193223,ridge_knn_blend_composite,composite,0.6928798566239225,0.6380843693004014,arith:anchor:0.20+ridge_residual_composite:0.80,,,,,,,,
blend_ridge_logit_newton,research/residual_submission_blend_ridge_logit_newton/target_choices_all.csv,Q3,,,,,,,0.6631646439764092,0.6338260936274139,0.0004840978482084646,-0.0008659146133395135,0.6440258272589656,0.695568452551212,0.6726326941304609,0.6974052965614661,0.6141607425868997,0.6338260936274139,ridge_knn_blend_composite,composite,0.6626805461282007,0.6346920082407534,logit:anchor:0.20+ridge_residual_composite:0.80,,,,,,,,
blend_ridge_logit_newton,research/residual_submission_blend_ridge_logit_newton/target_choices_all.csv,S1,,,,,,,0.4920301003811084,0.4433032619659718,-0.0003220528327436134,-0.006241204051004368,0.4496684978108441,0.468091161281655,0.4887106292043405,0.5326688299710852,0.526555860303115,0.4433032619659718,ridge_knn_blend_composite,composite,0.492352153213852,0.4495444660169762,ridge_residual_composite,,,,,,,,
blend_ridge_logit_newton,research/residual_submission_blend_ridge_logit_newton/target_choices_all.csv,S2,,,,,,,0.5566835766917694,0.5841610094151621,-0.0034368289979388456,-0.03865431348027126,0.5890295980275948,0.5811762406736896,0.522903811939987,0.5379154323735896,0.5573777572702442,0.5841610094151621,ridge_knn_blend_composite,composite,0.5601204056897082,0.6228153228954334,ridge_residual_composite,,,,,,,,
blend_ridge_logit_newton,research/residual_submission_blend_ridge_logit_newton/target_choices_all.csv,S3,,,,,,,0.5404451263000907,0.5933392361440721,-0.001106248221597439,-0.007339788846501438,0.6001678919832045,0.5005968990631172,0.5304139300552525,0.5748423470116119,0.5094062876895463,0.5933392361440721,ridge_knn_blend_composite,composite,0.5415513745216881,0.6006790249905736,logit:ridge_residual_composite:0.80+knn_targetwise_guarded:0.20,,,,,,,,
blend_ridge_logit_newton,research/residual_submission_blend_ridge_logit_newton/target_choices_all.csv,S4,,,,,,,0.6244708200036657,0.5794766364134205,-0.006328217600959252,-0.009177748227569671,0.586590373307371,0.6550866158787237,0.576433022343837,0.6430442620060609,0.6646134759143687,0.5794766364134205,ridge_knn_blend_composite,composite,0.630799037604625,0.5886543846409902,ridge_residual_composite,,,,,,,,
blend_ridge_logit_newton,research/residual_submission_blend_ridge_logit_newton/target_choices_all.csv,Q1,,,,,,,0.5898889020581386,0.5984797793482457,-0.0005359818134891281,-0.02002609215496709,0.5990260908935916,0.5334081970299094,0.6319211600914815,0.5923280621961026,0.5964368233202003,0.5984797793482457,ridge_knn_blend_last,last,0.5904248838716277,0.6185058715032128,ridge_residual_composite,,,,,,,,
blend_ridge_logit_newton,research/residual_submission_blend_ridge_logit_newton/target_choices_all.csv,Q2,,,,,,,0.6940407398314826,0.636451957923523,0.0011608832075601372,-0.0016324113768783066,0.6545986493930669,0.716926608357212,0.6253969209766423,0.7945970969750168,0.6953431248797436,0.636451957923523,ridge_knn_blend_last,last,0.6928798566239225,0.6380843693004014,ridge_residual_composite,,,,,,,,
blend_ridge_logit_newton,research/residual_submission_blend_ridge_logit_newton/target_choices_all.csv,Q3,,,,,,,0.6633066442802005,0.6336411202130555,0.0006260981519997655,-0.001050888027697927,0.6440315916331624,0.6958513088256187,0.6726186619002096,0.6978971377170513,0.6142788353574411,0.6336411202130555,ridge_knn_blend_last,last,0.6626805461282007,0.6346920082407534,ridge_residual_composite,,,,,,,,
blend_ridge_logit_newton,research/residual_submission_blend_ridge_logit_newton/target_choices_all.csv,S1,,,,,,,0.4920301003811084,0.4433032619659718,-0.0003220528327436134,-0.006241204051004368,0.4496684978108441,0.468091161281655,0.4887106292043405,0.5326688299710852,0.526555860303115,0.4433032619659718,ridge_knn_blend_last,last,0.492352153213852,0.4495444660169762,ridge_residual_composite,,,,,,,,
blend_ridge_logit_newton,research/residual_submission_blend_ridge_logit_newton/target_choices_all.csv,S2,,,,,,,0.5566835766917694,0.5841610094151621,-0.0034368289979388456,-0.03865431348027126,0.5890295980275948,0.5811762406736896,0.522903811939987,0.5379154323735896,0.5573777572702442,0.5841610094151621,ridge_knn_blend_last,last,0.5601204056897082,0.6228153228954334,ridge_residual_composite,,,,,,,,
blend_ridge_logit_newton,research/residual_submission_blend_ridge_logit_newton/target_choices_all.csv,S3,,,,,,,0.5402677289643486,0.5933127057803108,-0.0012836455573395078,-0.007366319210262762,0.6002278482291791,0.501477203563975,0.5299471224792937,0.573455816958104,0.5094424578694944,0.5933127057803108,ridge_knn_blend_last,last,0.5415513745216881,0.6006790249905736,logit:ridge_residual_composite:0.65+knn_targetwise_guarded:0.35,,,,,,,,
blend_ridge_logit_newton,research/residual_submission_blend_ridge_logit_newton/target_choices_all.csv,S4,,,,,,,0.6244708200036657,0.5794766364134205,-0.006328217600959252,-0.009177748227569671,0.586590373307371,0.6550866158787237,0.576433022343837,0.6430442620060609,0.6646134759143687,0.5794766364134205,ridge_knn_blend_last,last,0.630799037604625,0.5886543846409902,ridge_residual_composite,,,,,,,,
blend_ridge_logit_newton,research/residual_submission_blend_ridge_logit_newton/target_choices_all.csv,Q1,,,,,,,0.5879679030351407,0.606532805999241,-0.002456980836487044,-0.011973065503971814,0.6090954778720524,0.5344377418210166,0.6279702835911902,0.5925123364637841,0.582113197442527,0.606532805999241,ridge_knn_blend_full,full,0.5904248838716277,0.6185058715032128,ridge_residual_full,,,,,,,,
blend_ridge_logit_newton,research/residual_submission_blend_ridge_logit_newton/target_choices_all.csv,Q2,,,,,,,0.6910087403127634,0.6471352824579595,-0.0018711163111591045,0.009050913157558127,0.6645538922686688,0.7056060452219003,0.6267395819954474,0.7946195221090487,0.6808246145994988,0.6471352824579595,ridge_knn_blend_full,full,0.6928798566239225,0.6380843693004014,arith:anchor:0.20+ridge_residual_full:0.80,,,,,,,,
blend_ridge_logit_newton,research/residual_submission_blend_ridge_logit_newton/target_choices_all.csv,Q3,,,,,,,0.6626805461282007,0.6346920082407534,0.0,0.0,0.6442038137020795,0.6945061214538464,0.6727576578357087,0.6955517920765923,0.613734493992541,0.6346920082407534,ridge_knn_blend_full,full,0.6626805461282007,0.6346920082407534,anchor,,,,,,,,
blend_ridge_logit_newton,research/residual_submission_blend_ridge_logit_newton/target_choices_all.csv,S1,,,,,,,0.4897669730976474,0.4500674205738261,-0.0025851801162046217,0.0005229545568499194,0.4553176684840197,0.4656019303174815,0.4896774142342052,0.5239603805160189,0.5190996218053082,0.4500674205738261,ridge_knn_blend_full,full,0.492352153213852,0.4495444660169762,logit:ridge_residual_composite:0.35+ridge_residual_full:0.65,,,,,,,,
blend_ridge_logit_newton,research/residual_submission_blend_ridge_logit_newton/target_choices_all.csv,S2,,,,,,,0.5523303237543977,0.5924888746662645,-0.0077900819353105,-0.030326448229168856,0.5997704406155724,0.5718257411801718,0.5225637811533103,0.527765274225347,0.5479889858675647,0.5924888746662645,ridge_knn_blend_full,full,0.5601204056897082,0.6228153228954334,ridge_residual_full,,,,,,,,
blend_ridge_logit_newton,research/residual_submission_blend_ridge_logit_newton/target_choices_all.csv,S3,,,,,,,0.5077276302852942,0.6061629831879853,-0.03382374423639389,0.005483958197411765,0.6213735179888792,0.4712571436139721,0.4861809776849146,0.5392001640813648,0.4449677802811975,0.6061629831879853,ridge_knn_blend_full,full,0.5415513745216881,0.6006790249905736,ridge_residual_full,,,,,,,,
blend_ridge_logit_newton,research/residual_submission_blend_ridge_logit_newton/target_choices_all.csv,S4,,,,,,,0.6226433776469414,0.5839384495097777,-0.008155659957683525,-0.00471593513121249,0.5907718293769757,0.6548408438339655,0.5680474978799893,0.6398469516811186,0.663143049599433,0.5839384495097777,ridge_knn_blend_full,full,0.630799037604625,0.5886543846409902,ridge_residual_full,,,,,,,,
constrained_logit_blend,research/constrained_target_blend_logit_newton/target_choices_all.csv,Q1,,,,,,,0.5879679030351407,0.606532805999241,-0.002456980836487044,-0.011973065503971814,0.6090954778720524,0.5344377418210166,0.6279702835911902,0.5925123364637841,0.582113197442527,0.606532805999241,full,full,0.5904248838716277,0.6185058715032128,ridge_residual_full,0.606532805999241,-0.0119730655039718,0.0311848546643875,0.0,0.004,0.0,,
constrained_logit_blend,research/constrained_target_blend_logit_newton/target_choices_all.csv,Q2,,,,,,,0.6910087403127634,0.6471352824579595,-0.0018711163111591045,0.009050913157558127,0.6645538922686688,0.7056060452219003,0.6267395819954474,0.7946195221090487,0.6808246145994988,0.6471352824579595,full,full,0.6928798566239225,0.6380843693004014,arith:anchor:0.20+ridge_residual_full:0.80,0.7946195221090487,-0.0028989579270644,0.0584934082281661,0.0,0.004,0.0,,
constrained_logit_blend,research/constrained_target_blend_logit_newton/target_choices_all.csv,Q3,,,,,,,0.6626805461282007,0.6346920082407534,0.0,0.0,0.6442038137020795,0.6945061214538464,0.6727576578357087,0.6955517920765923,0.613734493992541,0.6346920082407534,full,full,0.6626805461282007,0.6346920082407534,anchor,0.6955517920765923,0.0,0.032781320352747,0.0,0.004,0.0,,
constrained_logit_blend,research/constrained_target_blend_logit_newton/target_choices_all.csv,S1,,,,,,,0.4897669730976474,0.4500674205738261,-0.0025851801162046217,0.0005229545568499194,0.4553176684840197,0.4656019303174815,0.4896774142342052,0.5239603805160189,0.5190996218053082,0.4500674205738261,full,full,0.492352153213852,0.4495444660169762,logit:ridge_residual_composite:0.35+ridge_residual_full:0.65,0.5239603805160189,-0.0050924456223565,0.0289467390959606,0.0,0.004,0.0,,
constrained_logit_blend,research/constrained_target_blend_logit_newton/target_choices_all.csv,S2,,,,,,,0.5523303237543977,0.5924888746662645,-0.0077900819353105,-0.030326448229168856,0.5997704406155724,0.5718257411801718,0.5225637811533103,0.527765274225347,0.5479889858675647,0.5924888746662645,full,full,0.5601204056897082,0.6228153228954334,ridge_residual_full,0.5924888746662645,-0.0303264482291688,0.0264610051061692,0.0,0.004,0.0,,
constrained_logit_blend,research/constrained_target_blend_logit_newton/target_choices_all.csv,S3,,,,,,,0.5077276302852942,0.6061629831879853,-0.03382374423639389,0.005483958197411765,0.6213735179888792,0.4712571436139721,0.4861809776849146,0.5392001640813648,0.4449677802811975,0.6061629831879853,full,full,0.5415513745216881,0.6006790249905736,ridge_residual_full,0.6061629831879853,0.0054839581974117,0.0572652038081305,0.0,0.004,0.0,,
constrained_logit_blend,research/constrained_target_blend_logit_newton/target_choices_all.csv,S4,,,,,,,0.6226433776469414,0.5839384495097777,-0.008155659957683525,-0.00471593513121249,0.5907718293769757,0.6548408438339655,0.5680474978799893,0.6398469516811186,0.663143049599433,0.5839384495097777,full,full,0.630799037604625,0.5886543846409902,ridge_residual_full,0.663143049599433,0.0029332715251294,0.0385987891937265,0.0,0.004,0.0,,
constrained_logit_blend,research/constrained_target_blend_logit_newton/target_choices_all.csv,Q1,,,,,,,0.5912018454223922,0.5975116377918059,0.0007769615507644545,-0.02099423371140685,0.5988350866151743,0.5346175844770272,0.6339999558943592,0.5927369003313104,0.6000970053506967,0.5975116377918059,composite,composite,0.5904248838716277,0.6185058715032128,logit:ridge_residual_composite:0.80+ridge_residual_last:0.20,0.6000970053506967,-0.0184088661525161,0.0321029766104402,0.0,0.004,0.0,,
constrained_logit_blend,research/constrained_target_blend_logit_newton/target_choices_all.csv,Q2,,,,,,,0.6935117074727225,0.6366437138193223,0.0006318508488000196,-0.0014406554810790784,0.6545857443833664,0.7157322861598051,0.6265643828831511,0.7949850792247882,0.6922520844917924,0.6366437138193223,composite,composite,0.6928798566239225,0.6380843693004014,arith:anchor:0.20+ridge_residual_composite:0.80,0.7949850792247882,-0.0025334008113249,0.0608403114501083,0.0,0.004,0.0,,
constrained_logit_blend,research/constrained_target_blend_logit_newton/target_choices_all.csv,Q3,,,,,,,0.6631646439764092,0.6338260936274139,0.0004840978482084646,-0.0008659146133395135,0.6440258272589656,0.695568452551212,0.6726326941304609,0.6974052965614661,0.6141607425868997,0.6338260936274139,composite,composite,0.6626805461282007,0.6346920082407534,logit:anchor:0.20+ridge_residual_composite:0.80,0.6974052965614661,0.0018535044848737,0.0333862589531577,0.0,0.004,0.0,,
constrained_logit_blend,research/constrained_target_blend_logit_newton/target_choices_all.csv,S1,,,,,,,0.4920301003811084,0.4433032619659718,-0.0003220528327436134,-0.006241204051004368,0.4496684978108441,0.468091161281655,0.4887106292043405,0.5326688299710852,0.526555860303115,0.4433032619659718,composite,composite,0.492352153213852,0.4495444660169762,ridge_residual_composite,0.5326688299710852,0.0036160038327097,0.0340640461125473,0.0,0.004,0.0,,
constrained_logit_blend,research/constrained_target_blend_logit_newton/target_choices_all.csv,S2,,,,,,,0.5566835766917694,0.5841610094151621,-0.0034368289979388456,-0.03865431348027126,0.5890295980275948,0.5811762406736896,0.522903811939987,0.5379154323735896,0.5573777572702442,0.5841610094151621,composite,composite,0.5601204056897082,0.6228153228954334,ridge_residual_composite,0.5841610094151621,-0.0386543134802712,0.0238692053667351,0.0,0.004,0.0,,
constrained_logit_blend,research/constrained_target_blend_logit_newton/target_choices_all.csv,S3,,,,,,,0.5404451263000907,0.5933392361440721,-0.001106248221597439,-0.007339788846501438,0.6001678919832045,0.5005968990631172,0.5304139300552525,0.5748423470116119,0.5094062876895463,0.5933392361440721,composite,composite,0.5415513745216881,0.6006790249905736,logit:ridge_residual_composite:0.80+knn_targetwise_guarded:0.20,0.5933392361440721,-0.0073397888465014,0.0363998573152709,0.0,0.004,0.0,,
constrained_logit_blend,research/constrained_target_blend_logit_newton/target_choices_all.csv,S4,,,,,,,0.6237571921795848,0.5784108217199329,-0.007041845425040161,-0.010243562921057325,0.5860096062561458,0.6562740439537386,0.5715454680833842,0.6416875058367298,0.667040047799929,0.5784108217199329,composite,composite,0.630799037604625,0.5886543846409902,logit:ridge_residual_composite:0.50+ridge_residual_last:0.50,0.667040047799929,0.0068302697256253,0.0400791067899684,0.0,0.004,0.0,,
constrained_logit_blend,research/constrained_target_blend_logit_newton/target_choices_all.csv,Q1,,,,,,,0.5939493230903995,0.5962395054298064,0.003524439218771769,-0.022266366073406374,0.6005212253115664,0.5396919279949626,0.6381426203379175,0.5936222457251458,0.6045754746710055,0.5962395054298064,last,last,0.5904248838716277,0.6185058715032128,logit:anchor:0.20+ridge_residual_last:0.80,0.6045754746710055,-0.0139303968322073,0.031666714925977,0.0,0.004,0.0,,
constrained_logit_blend,research/constrained_target_blend_logit_newton/target_choices_all.csv,Q2,,,,,,,0.6987415814488945,0.6356930614589933,0.005861724824972048,-0.0023913078414080635,0.6574556655066073,0.7293537135195803,0.6222499048566729,0.7971830155231797,0.7069709003915488,0.6356930614589933,last,last,0.6928798566239225,0.6380843693004014,ridge_residual_last,0.7971830155231797,-0.0003354645129334,0.0640634273709177,0.0,0.004,0.0,,
constrained_logit_blend,research/constrained_target_blend_logit_newton/target_choices_all.csv,Q3,,,,,,,0.6651778505733567,0.6324722584320684,0.0024973044451559456,-0.002219749808685001,0.6451695383963704,0.6990590271950662,0.6728578657342611,0.7034017874519771,0.6157127486830949,0.6324722584320684,last,last,0.6626805461282007,0.6346920082407534,ridge_residual_last,0.7034017874519771,0.0078499953753847,0.0351661769049267,0.0,0.004,0.0,,
constrained_logit_blend,research/constrained_target_blend_logit_newton/target_choices_all.csv,S1,,,,,,,0.4920301003811084,0.4433032619659718,-0.0003220528327436134,-0.006241204051004368,0.4496684978108441,0.468091161281655,0.4887106292043405,0.5326688299710852,0.526555860303115,0.4433032619659718,last,last,0.492352153213852,0.4495444660169762,ridge_residual_composite,0.5326688299710852,0.0036160038327097,0.0340640461125473,0.0,0.004,0.0,,
constrained_logit_blend,research/constrained_target_blend_logit_newton/target_choices_all.csv,S2,,,,,,,0.5566835766917694,0.5841610094151621,-0.0034368289979388456,-0.03865431348027126,0.5890295980275948,0.5811762406736896,0.522903811939987,0.5379154323735896,0.5573777572702442,0.5841610094151621,last,last,0.5601204056897082,0.6228153228954334,ridge_residual_composite,0.5841610094151621,-0.0386543134802712,0.0238692053667351,0.0,0.004,0.0,,
constrained_logit_blend,research/constrained_target_blend_logit_newton/target_choices_all.csv,S3,,,,,,,0.5402677289643486,0.5933127057803108,-0.0012836455573395078,-0.007366319210262762,0.6002278482291791,0.501477203563975,0.5299471224792937,0.573455816958104,0.5094424578694944,0.5933127057803108,last,last,0.5415513745216881,0.6006790249905736,logit:ridge_residual_composite:0.65+knn_targetwise_guarded:0.35,0.5933127057803108,-0.0073663192102627,0.0359686148667863,0.0,0.004,0.0,,
constrained_logit_blend,research/constrained_target_blend_logit_newton/target_choices_all.csv,S4,,,,,,,0.6237139317758099,0.5783394187914295,-0.007085105828815053,-0.010314965849560709,0.5860715777249993,0.6568254214703824,0.570317313551645,0.6413744277287295,0.6678481152618536,0.5783394187914295,last,last,0.630799037604625,0.5886543846409902,logit:ridge_residual_composite:0.35+ridge_residual_last:0.65,0.6678481152618536,0.00763833718755,0.0406525465353778,0.0,0.004,0.0,,
constrained_logit_blend,research/constrained_target_blend_logit_newton/target_choices_all.csv,Q1,,,,,,,0.5879679030351407,0.606532805999241,-0.002456980836487044,-0.011973065503971814,0.6090954778720524,0.5344377418210166,0.6279702835911902,0.5925123364637841,0.582113197442527,0.606532805999241,last_guard_0,last_guard,0.5904248838716277,0.6185058715032128,ridge_residual_full,0.606532805999241,-0.0119730655039718,0.0311848546643875,0.0,0.004,0.0,,
constrained_logit_blend,research/constrained_target_blend_logit_newton/target_choices_all.csv,Q2,,,,,,,0.6928603523911178,0.637620629906511,-1.9504232804723465e-05,-0.0004637393938903278,0.65562225984655,0.7124854383748237,0.6305541715615002,0.7967354109847794,0.6858257429624638,0.637620629906511,last_guard_0,last_guard,0.6928798566239225,0.6380843693004014,arith:anchor:0.80+ridge_residual_composite:0.20,0.7967354109847794,-0.0007830690513337,0.0602626106274744,0.0,0.004,0.0,,
constrained_logit_blend,research/constrained_target_blend_logit_newton/target_choices_all.csv,Q3,,,,,,,0.6626805461282007,0.6346920082407534,0.0,0.0,0.6442038137020795,0.6945061214538464,0.6727576578357087,0.6955517920765923,0.613734493992541,0.6346920082407534,last_guard_0,last_guard,0.6626805461282007,0.6346920082407534,anchor,0.6955517920765923,0.0,0.032781320352747,0.0,0.004,0.0,,
constrained_logit_blend,research/constrained_target_blend_logit_newton/target_choices_all.csv,S1,,,,,,,0.48994675932278,0.4480712050631937,-0.0024053938910720274,-0.0014732609537824737,0.45352854847806,0.4660009046175358,0.4891999860825398,0.5252831778323912,0.5206349993785943,0.4480712050631937,last_guard_0,last_guard,0.492352153213852,0.4495444660169762,logit:ridge_residual_composite:0.50+ridge_residual_full:0.50,0.5252831778323912,-0.0037696483059842,0.0300595912800053,0.0,0.004,0.0,,
constrained_logit_blend,research/constrained_target_blend_logit_newton/target_choices_all.csv,S2,,,,,,,0.5523303237543977,0.5924888746662645,-0.0077900819353105,-0.030326448229168856,0.5997704406155724,0.5718257411801718,0.5225637811533103,0.527765274225347,0.5479889858675647,0.5924888746662645,last_guard_0,last_guard,0.5601204056897082,0.6228153228954334,ridge_residual_full,0.5924888746662645,-0.0303264482291688,0.0264610051061692,0.0,0.004,0.0,,
constrained_logit_blend,research/constrained_target_blend_logit_newton/target_choices_all.csv,S3,,,,,,,0.5116571630053628,0.6005761173401156,-0.02989421151632532,-0.0001029076504579507,0.614137057420511,0.475489070637392,0.4929957952540003,0.5438319487747534,0.4539061846995484,0.6005761173401156,last_guard_0,last_guard,0.5415513745216881,0.6006790249905736,arith:ridge_residual_full:0.80+ridge_residual_last:0.20,0.6005761173401156,-0.0001029076504579,0.0527614538567026,0.0,0.004,0.0,,
constrained_logit_blend,research/constrained_target_blend_logit_newton/target_choices_all.csv,S4,,,,,,,0.6226433776469414,0.5839384495097777,-0.008155659957683525,-0.00471593513121249,0.5907718293769757,0.6548408438339655,0.5680474978799893,0.6398469516811186,0.663143049599433,0.5839384495097777,last_guard_0,last_guard,0.630799037604625,0.5886543846409902,ridge_residual_full,0.663143049599433,0.0029332715251294,0.0385987891937265,0.0,0.004,0.0,,
constrained_logit_blend,research/constrained_target_blend_logit_newton/target_choices_all.csv,Q1,,,,,,,0.5879679030351407,0.606532805999241,-0.002456980836487044,-0.011973065503971814,0.6090954778720524,0.5344377418210166,0.6279702835911902,0.5925123364637841,0.582113197442527,0.606532805999241,last_guard_0p002,last_guard,0.5904248838716277,0.6185058715032128,ridge_residual_full,0.606532805999241,-0.0119730655039718,0.0311848546643875,0.002,0.004,0.0,,
constrained_logit_blend,research/constrained_target_blend_logit_newton/target_choices_all.csv,Q2,,,,,,,0.6921004215233411,0.6397173748747726,-0.0007794351005814271,0.0016330055743712935,0.6577180483587807,0.7098424587312007,0.6304095588611087,0.7964892955725855,0.6832511140102775,0.6397173748747726,last_guard_0p002,last_guard,0.6928798566239225,0.6380843693004014,arith:anchor:0.80+ridge_residual_full:0.20,0.7964892955725855,-0.0010291844635276,0.0597323157354361,0.002,0.004,0.0,,
constrained_logit_blend,research/constrained_target_blend_logit_newton/target_choices_all.csv,Q3,,,,,,,0.6626805461282007,0.6346920082407534,0.0,0.0,0.6442038137020795,0.6945061214538464,0.6727576578357087,0.6955517920765923,0.613734493992541,0.6346920082407534,last_guard_0p002,last_guard,0.6626805461282007,0.6346920082407534,anchor,0.6955517920765923,0.0,0.032781320352747,0.002,0.004,0.0,,
constrained_logit_blend,research/constrained_target_blend_logit_newton/target_choices_all.csv,S1,,,,,,,0.4897669730976474,0.4500674205738261,-0.0025851801162046217,0.0005229545568499194,0.4553176684840197,0.4656019303174815,0.4896774142342052,0.5239603805160189,0.5190996218053082,0.4500674205738261,last_guard_0p002,last_guard,0.492352153213852,0.4495444660169762,logit:ridge_residual_composite:0.35+ridge_residual_full:0.65,0.5239603805160189,-0.0050924456223565,0.0289467390959606,0.002,0.004,0.0,,
constrained_logit_blend,research/constrained_target_blend_logit_newton/target_choices_all.csv,S2,,,,,,,0.5523303237543977,0.5924888746662645,-0.0077900819353105,-0.030326448229168856,0.5997704406155724,0.5718257411801718,0.5225637811533103,0.527765274225347,0.5479889858675647,0.5924888746662645,last_guard_0p002,last_guard,0.5601204056897082,0.6228153228954334,ridge_residual_full,0.5924888746662645,-0.0303264482291688,0.0264610051061692,0.002,0.004,0.0,,
constrained_logit_blend,research/constrained_target_blend_logit_newton/target_choices_all.csv,S3,,,,,,,0.5113893986218576,0.6013871853956267,-0.030161975899830495,0.0007081604050531709,0.6150508915173557,0.4745917196922231,0.4917673913113802,0.5437454149110693,0.4540733640542502,0.6013871853956267,last_guard_0p002,last_guard,0.5415513745216881,0.6006790249905736,logit:ridge_residual_full:0.80+ridge_residual_last:0.20,0.6013871853956267,0.0007081604050531,0.0532087949684803,0.002,0.004,0.0,,
constrained_logit_blend,research/constrained_target_blend_logit_newton/target_choices_all.csv,S4,,,,,,,0.6226433776469414,0.5839384495097777,-0.008155659957683525,-0.00471593513121249,0.5907718293769757,0.6548408438339655,0.5680474978799893,0.6398469516811186,0.663143049599433,0.5839384495097777,last_guard_0p002,last_guard,0.630799037604625,0.5886543846409902,ridge_residual_full,0.663143049599433,0.0029332715251294,0.0385987891937265,0.002,0.004,0.0,,
constrained_logit_blend,research/constrained_target_blend_logit_newton/target_choices_all.csv,Q1,,,,,,,0.5879679030351407,0.606532805999241,-0.002456980836487044,-0.011973065503971814,0.6090954778720524,0.5344377418210166,0.6279702835911902,0.5925123364637841,0.582113197442527,0.606532805999241,last_guard_0p004,last_guard,0.5904248838716277,0.6185058715032128,ridge_residual_full,0.606532805999241,-0.0119730655039718,0.0311848546643875,0.004,0.004,0.0,,
constrained_logit_blend,research/constrained_target_blend_logit_newton/target_choices_all.csv,Q2,,,,,,,0.6916422177705048,0.6411609983315899,-0.0012376388534176552,0.003076629031188549,0.6590260627956303,0.7086743141017005,0.6293156980693095,0.7958518096894931,0.6825666540867906,0.6411609983315899,last_guard_0p004,last_guard,0.6928798566239225,0.6380843693004014,arith:anchor:0.65+ridge_residual_full:0.35,0.7958518096894931,-0.00166667034662,0.0594389829148943,0.004,0.004,0.0,,
constrained_logit_blend,research/constrained_target_blend_logit_newton/target_choices_all.csv,Q3,,,,,,,0.6626805461282007,0.6346920082407534,0.0,0.0,0.6442038137020795,0.6945061214538464,0.6727576578357087,0.6955517920765923,0.613734493992541,0.6346920082407534,last_guard_0p004,last_guard,0.6626805461282007,0.6346920082407534,anchor,0.6955517920765923,0.0,0.032781320352747,0.004,0.004,0.0,,
constrained_logit_blend,research/constrained_target_blend_logit_newton/target_choices_all.csv,S1,,,,,,,0.4897669730976474,0.4500674205738261,-0.0025851801162046217,0.0005229545568499194,0.4553176684840197,0.4656019303174815,0.4896774142342052,0.5239603805160189,0.5190996218053082,0.4500674205738261,last_guard_0p004,last_guard,0.492352153213852,0.4495444660169762,logit:ridge_residual_composite:0.35+ridge_residual_full:0.65,0.5239603805160189,-0.0050924456223565,0.0289467390959606,0.004,0.004,0.0,,
constrained_logit_blend,research/constrained_target_blend_logit_newton/target_choices_all.csv,S2,,,,,,,0.5523303237543977,0.5924888746662645,-0.0077900819353105,-0.030326448229168856,0.5997704406155724,0.5718257411801718,0.5225637811533103,0.527765274225347,0.5479889858675647,0.5924888746662645,last_guard_0p004,last_guard,0.5601204056897082,0.6228153228954334,ridge_residual_full,0.5924888746662645,-0.0303264482291688,0.0264610051061692,0.004,0.004,0.0,,
constrained_logit_blend,research/constrained_target_blend_logit_newton/target_choices_all.csv,S3,,,,,,,0.5113893986218576,0.6013871853956267,-0.030161975899830495,0.0007081604050531709,0.6150508915173557,0.4745917196922231,0.4917673913113802,0.5437454149110693,0.4540733640542502,0.6013871853956267,last_guard_0p004,last_guard,0.5415513745216881,0.6006790249905736,logit:ridge_residual_full:0.80+ridge_residual_last:0.20,0.6013871853956267,0.0007081604050531,0.0532087949684803,0.004,0.004,0.0,,
constrained_logit_blend,research/constrained_target_blend_logit_newton/target_choices_all.csv,S4,,,,,,,0.6226433776469414,0.5839384495097777,-0.008155659957683525,-0.00471593513121249,0.5907718293769757,0.6548408438339655,0.5680474978799893,0.6398469516811186,0.663143049599433,0.5839384495097777,last_guard_0p004,last_guard,0.630799037604625,0.5886543846409902,ridge_residual_full,0.663143049599433,0.0029332715251294,0.0385987891937265,0.004,0.004,0.0,,
constrained_logit_blend,research/constrained_target_blend_logit_newton/target_choices_all.csv,Q1,,,,,,,0.5879679030351407,0.606532805999241,-0.002456980836487044,-0.011973065503971814,0.6090954778720524,0.5344377418210166,0.6279702835911902,0.5925123364637841,0.582113197442527,0.606532805999241,last_guard_0p006,last_guard,0.5904248838716277,0.6185058715032128,ridge_residual_full,0.606532805999241,-0.0119730655039718,0.0311848546643875,0.006,0.004,0.0,,
constrained_logit_blend,research/constrained_target_blend_logit_newton/target_choices_all.csv,Q2,,,,,,,0.6912996218244709,0.6428348266070221,-0.0015802347994515742,0.0047504573066207145,0.660560653731553,0.7075789197649582,0.628340221455209,0.7953282787983104,0.6819343241216338,0.6428348266070221,last_guard_0p006,last_guard,0.6928798566239225,0.6380843693004014,arith:anchor:0.50+ridge_residual_full:0.50,0.7953282787983104,-0.0021902012378027,0.059139431699609,0.006,0.004,0.0,,
constrained_logit_blend,research/constrained_target_blend_logit_newton/target_choices_all.csv,Q3,,,,,,,0.6626805461282007,0.6346920082407534,0.0,0.0,0.6442038137020795,0.6945061214538464,0.6727576578357087,0.6955517920765923,0.613734493992541,0.6346920082407534,last_guard_0p006,last_guard,0.6626805461282007,0.6346920082407534,anchor,0.6955517920765923,0.0,0.032781320352747,0.006,0.004,0.0,,
constrained_logit_blend,research/constrained_target_blend_logit_newton/target_choices_all.csv,S1,,,,,,,0.4897669730976474,0.4500674205738261,-0.0025851801162046217,0.0005229545568499194,0.4553176684840197,0.4656019303174815,0.4896774142342052,0.5239603805160189,0.5190996218053082,0.4500674205738261,last_guard_0p006,last_guard,0.492352153213852,0.4495444660169762,logit:ridge_residual_composite:0.35+ridge_residual_full:0.65,0.5239603805160189,-0.0050924456223565,0.0289467390959606,0.006,0.004,0.0,,
constrained_logit_blend,research/constrained_target_blend_logit_newton/target_choices_all.csv,S2,,,,,,,0.5523303237543977,0.5924888746662645,-0.0077900819353105,-0.030326448229168856,0.5997704406155724,0.5718257411801718,0.5225637811533103,0.527765274225347,0.5479889858675647,0.5924888746662645,last_guard_0p006,last_guard,0.5601204056897082,0.6228153228954334,ridge_residual_full,0.5924888746662645,-0.0303264482291688,0.0264610051061692,0.006,0.004,0.0,,
constrained_logit_blend,research/constrained_target_blend_logit_newton/target_choices_all.csv,S3,,,,,,,0.5077276302852942,0.6061629831879853,-0.03382374423639389,0.005483958197411765,0.6213735179888792,0.4712571436139721,0.4861809776849146,0.5392001640813648,0.4449677802811975,0.6061629831879853,last_guard_0p006,last_guard,0.5415513745216881,0.6006790249905736,ridge_residual_full,0.6061629831879853,0.0054839581974117,0.0572652038081305,0.006,0.004,0.0,,
constrained_logit_blend,research/constrained_target_blend_logit_newton/target_choices_all.csv,S4,,,,,,,0.6226433776469414,0.5839384495097777,-0.008155659957683525,-0.00471593513121249,0.5907718293769757,0.6548408438339655,0.5680474978799893,0.6398469516811186,0.663143049599433,0.5839384495097777,last_guard_0p006,last_guard,0.630799037604625,0.5886543846409902,ridge_residual_full,0.663143049599433,0.0029332715251294,0.0385987891937265,0.006,0.004,0.0,,
constrained_logit_blend,research/constrained_target_blend_logit_newton/target_choices_all.csv,Q1,,,,,,,0.5879679030351407,0.606532805999241,-0.002456980836487044,-0.011973065503971814,0.6090954778720524,0.5344377418210166,0.6279702835911902,0.5925123364637841,0.582113197442527,0.606532805999241,last_guard_0p008,last_guard,0.5904248838716277,0.6185058715032128,ridge_residual_full,0.606532805999241,-0.0119730655039718,0.0311848546643875,0.008,0.004,0.0,,
constrained_logit_blend,research/constrained_target_blend_logit_newton/target_choices_all.csv,Q2,,,,,,,0.6910829762328704,0.6447964798926195,-0.0017968803910520803,0.006712110592218101,0.6623755006886732,0.7065561614988809,0.6274818482694065,0.7949177705031528,0.6813537491728787,0.6447964798926195,last_guard_0p008,last_guard,0.6928798566239225,0.6380843693004014,arith:anchor:0.35+ridge_residual_full:0.65,0.7949177705031528,-0.0026007095329603,0.0588273167226465,0.008,0.004,0.0,,
constrained_logit_blend,research/constrained_target_blend_logit_newton/target_choices_all.csv,Q3,,,,,,,0.6626805461282007,0.6346920082407534,0.0,0.0,0.6442038137020795,0.6945061214538464,0.6727576578357087,0.6955517920765923,0.613734493992541,0.6346920082407534,last_guard_0p008,last_guard,0.6626805461282007,0.6346920082407534,anchor,0.6955517920765923,0.0,0.032781320352747,0.008,0.004,0.0,,
constrained_logit_blend,research/constrained_target_blend_logit_newton/target_choices_all.csv,S1,,,,,,,0.4897669730976474,0.4500674205738261,-0.0025851801162046217,0.0005229545568499194,0.4553176684840197,0.4656019303174815,0.4896774142342052,0.5239603805160189,0.5190996218053082,0.4500674205738261,last_guard_0p008,last_guard,0.492352153213852,0.4495444660169762,logit:ridge_residual_composite:0.35+ridge_residual_full:0.65,0.5239603805160189,-0.0050924456223565,0.0289467390959606,0.008,0.004,0.0,,
constrained_logit_blend,research/constrained_target_blend_logit_newton/target_choices_all.csv,S2,,,,,,,0.5523303237543977,0.5924888746662645,-0.0077900819353105,-0.030326448229168856,0.5997704406155724,0.5718257411801718,0.5225637811533103,0.527765274225347,0.5479889858675647,0.5924888746662645,last_guard_0p008,last_guard,0.5601204056897082,0.6228153228954334,ridge_residual_full,0.5924888746662645,-0.0303264482291688,0.0264610051061692,0.008,0.004,0.0,,
constrained_logit_blend,research/constrained_target_blend_logit_newton/target_choices_all.csv,S3,,,,,,,0.5077276302852942,0.6061629831879853,-0.03382374423639389,0.005483958197411765,0.6213735179888792,0.4712571436139721,0.4861809776849146,0.5392001640813648,0.4449677802811975,0.6061629831879853,last_guard_0p008,last_guard,0.5415513745216881,0.6006790249905736,ridge_residual_full,0.6061629831879853,0.0054839581974117,0.0572652038081305,0.008,0.004,0.0,,
constrained_logit_blend,research/constrained_target_blend_logit_newton/target_choices_all.csv,S4,,,,,,,0.6226433776469414,0.5839384495097777,-0.008155659957683525,-0.00471593513121249,0.5907718293769757,0.6548408438339655,0.5680474978799893,0.6398469516811186,0.663143049599433,0.5839384495097777,last_guard_0p008,last_guard,0.630799037604625,0.5886543846409902,ridge_residual_full,0.663143049599433,0.0029332715251294,0.0385987891937265,0.008,0.004,0.0,,
constrained_logit_blend,research/constrained_target_blend_logit_newton/target_choices_all.csv,Q1,,,,,,,0.5879679030351407,0.606532805999241,-0.002456980836487044,-0.011973065503971814,0.6090954778720524,0.5344377418210166,0.6279702835911902,0.5925123364637841,0.582113197442527,0.606532805999241,positive_last_penalty_a0p25,positive_last_penalty,0.5904248838716277,0.6185058715032128,ridge_residual_full,0.606532805999241,-0.0119730655039718,0.0311848546643875,0.0,0.004,0.25,,-0.002456980836487
constrained_logit_blend,research/constrained_target_blend_logit_newton/target_choices_all.csv,Q2,,,,,,,0.691728728478578,0.6406354070600994,-0.00115112814534446,0.002551037759698005,0.6583535756673586,0.7097640786702806,0.6280192459988881,0.7952951909150152,0.684182445661042,0.6406354070600994,positive_last_penalty_a0p25,positive_last_penalty,0.6928798566239225,0.6380843693004014,arith:ridge_residual_full:0.35+ridge_residual_composite:0.20+knn_targetwise_guarded:0.45,0.7952951909150152,-0.0022232891210979,0.0596280912828627,0.0,0.004,0.25,,-0.0005133687054199
constrained_logit_blend,research/constrained_target_blend_logit_newton/target_choices_all.csv,Q3,,,,,,,0.6626805461282007,0.6346920082407534,0.0,0.0,0.6442038137020795,0.6945061214538464,0.6727576578357087,0.6955517920765923,0.613734493992541,0.6346920082407534,positive_last_penalty_a0p25,positive_last_penalty,0.6626805461282007,0.6346920082407534,anchor,0.6955517920765923,0.0,0.032781320352747,0.0,0.004,0.25,,0.0
constrained_logit_blend,research/constrained_target_blend_logit_newton/target_choices_all.csv,S1,,,,,,,0.4897802813725853,0.4497658689110534,-0.0025718718412667263,0.00022140289407723834,0.4550435250057787,0.4653928564365618,0.489774040928052,0.5241554196833467,0.5193801290347609,0.4497658689110534,positive_last_penalty_a0p25,positive_last_penalty,0.492352153213852,0.4495444660169762,arith:ridge_residual_composite:0.35+ridge_residual_full:0.65,0.5241554196833467,-0.0048974064550287,0.0291673219215939,0.0,0.004,0.25,,-0.0025165211177473
constrained_logit_blend,research/constrained_target_blend_logit_newton/target_choices_all.csv,S2,,,,,,,0.5523303237543977,0.5924888746662645,-0.0077900819353105,-0.030326448229168856,0.5997704406155724,0.5718257411801718,0.5225637811533103,0.527765274225347,0.5479889858675647,0.5924888746662645,positive_last_penalty_a0p25,positive_last_penalty,0.5601204056897082,0.6228153228954334,ridge_residual_full,0.5924888746662645,-0.0303264482291688,0.0264610051061692,0.0,0.004,0.25,,-0.0077900819353105
constrained_logit_blend,research/constrained_target_blend_logit_newton/target_choices_all.csv,S3,,,,,,,0.5077276302852942,0.6061629831879853,-0.03382374423639389,0.005483958197411765,0.6213735179888792,0.4712571436139721,0.4861809776849146,0.5392001640813648,0.4449677802811975,0.6061629831879853,positive_last_penalty_a0p25,positive_last_penalty,0.5415513745216881,0.6006790249905736,ridge_residual_full,0.6061629831879853,0.0054839581974117,0.0572652038081305,0.0,0.004,0.25,,-0.0324527546870409
constrained_logit_blend,research/constrained_target_blend_logit_newton/target_choices_all.csv,S4,,,,,,,0.6226433776469414,0.5839384495097777,-0.008155659957683525,-0.00471593513121249,0.5907718293769757,0.6548408438339655,0.5680474978799893,0.6398469516811186,0.663143049599433,0.5839384495097777,positive_last_penalty_a0p25,positive_last_penalty,0.630799037604625,0.5886543846409902,ridge_residual_full,0.663143049599433,0.0029332715251294,0.0385987891937265,0.0,0.004,0.25,,-0.0081556599576835
constrained_logit_blend,research/constrained_target_blend_logit_newton/target_choices_all.csv,Q1,,,,,,,0.5879679030351407,0.606532805999241,-0.002456980836487044,-0.011973065503971814,0.6090954778720524,0.5344377418210166,0.6279702835911902,0.5925123364637841,0.582113197442527,0.606532805999241,positive_last_penalty_a0p5,positive_last_penalty,0.5904248838716277,0.6185058715032128,ridge_residual_full,0.606532805999241,-0.0119730655039718,0.0311848546643875,0.0,0.004,0.5,,-0.002456980836487
constrained_logit_blend,research/constrained_target_blend_logit_newton/target_choices_all.csv,Q2,,,,,,,0.6922461141334341,0.6389103160416373,-0.0006337424904884204,0.0008259467412359278,0.6566248447839951,0.7116972548416148,0.62804528404814,0.7954117960417757,0.6861953449065465,0.6389103160416373,positive_last_penalty_a0p5,positive_last_penalty,0.6928798566239225,0.6380843693004014,arith:ridge_residual_full:0.20+ridge_residual_composite:0.35+knn_targetwise_guarded:0.45,0.7954117960417757,-0.0021066839943374,0.0600406231569022,0.0,0.004,0.5,,-0.0002207691198704
constrained_logit_blend,research/constrained_target_blend_logit_newton/target_choices_all.csv,Q3,,,,,,,0.6626805461282007,0.6346920082407534,0.0,0.0,0.6442038137020795,0.6945061214538464,0.6727576578357087,0.6955517920765923,0.613734493992541,0.6346920082407534,positive_last_penalty_a0p5,positive_last_penalty,0.6626805461282007,0.6346920082407534,anchor,0.6955517920765923,0.0,0.032781320352747,0.0,0.004,0.5,,0.0
constrained_logit_blend,research/constrained_target_blend_logit_newton/target_choices_all.csv,S1,,,,,,,0.4897802813725853,0.4497658689110534,-0.0025718718412667263,0.00022140289407723834,0.4550435250057787,0.4653928564365618,0.489774040928052,0.5241554196833467,0.5193801290347609,0.4497658689110534,positive_last_penalty_a0p5,positive_last_penalty,0.492352153213852,0.4495444660169762,arith:ridge_residual_composite:0.35+ridge_residual_full:0.65,0.5241554196833467,-0.0048974064550287,0.0291673219215939,0.0,0.004,0.5,,-0.002461170394228
constrained_logit_blend,research/constrained_target_blend_logit_newton/target_choices_all.csv,S2,,,,,,,0.5523303237543977,0.5924888746662645,-0.0077900819353105,-0.030326448229168856,0.5997704406155724,0.5718257411801718,0.5225637811533103,0.527765274225347,0.5479889858675647,0.5924888746662645,positive_last_penalty_a0p5,positive_last_penalty,0.5601204056897082,0.6228153228954334,ridge_residual_full,0.5924888746662645,-0.0303264482291688,0.0264610051061692,0.0,0.004,0.5,,-0.0077900819353105
constrained_logit_blend,research/constrained_target_blend_logit_newton/target_choices_all.csv,S3,,,,,,,0.5077276302852942,0.6061629831879853,-0.03382374423639389,0.005483958197411765,0.6213735179888792,0.4712571436139721,0.4861809776849146,0.5392001640813648,0.4449677802811975,0.6061629831879853,positive_last_penalty_a0p5,positive_last_penalty,0.5415513745216881,0.6006790249905736,ridge_residual_full,0.6061629831879853,0.0054839581974117,0.0572652038081305,0.0,0.004,0.5,,-0.031081765137688
constrained_logit_blend,research/constrained_target_blend_logit_newton/target_choices_all.csv,S4,,,,,,,0.6226433776469414,0.5839384495097777,-0.008155659957683525,-0.00471593513121249,0.5907718293769757,0.6548408438339655,0.5680474978799893,0.6398469516811186,0.663143049599433,0.5839384495097777,positive_last_penalty_a0p5,positive_last_penalty,0.630799037604625,0.5886543846409902,ridge_residual_full,0.663143049599433,0.0029332715251294,0.0385987891937265,0.0,0.004,0.5,,-0.0081556599576835
constrained_logit_blend,research/constrained_target_blend_logit_newton/target_choices_all.csv,Q1,,,,,,,0.5879679030351407,0.606532805999241,-0.002456980836487044,-0.011973065503971814,0.6090954778720524,0.5344377418210166,0.6279702835911902,0.5925123364637841,0.582113197442527,0.606532805999241,positive_last_penalty_a0p75,positive_last_penalty,0.5904248838716277,0.6185058715032128,ridge_residual_full,0.606532805999241,-0.0119730655039718,0.0311848546643875,0.0,0.004,0.75,,-0.002456980836487
constrained_logit_blend,research/constrained_target_blend_logit_newton/target_choices_all.csv,Q2,,,,,,,0.6924135834163222,0.6386353865228667,-0.00046627320760028734,0.0005510172224653109,0.6562194835784876,0.7125440249140765,0.6271098930745185,0.7950427211140236,0.6876885998708661,0.6386353865228667,positive_last_penalty_a0p75,positive_last_penalty,0.6928798566239225,0.6380843693004014,arith:ridge_residual_full:0.20+ridge_residual_composite:0.50+knn_targetwise_guarded:0.30,0.7950427211140236,-0.0024757589220895,0.0601942640430293,0.0,0.004,0.75,,-5.3010290751304145e-05
constrained_logit_blend,research/constrained_target_blend_logit_newton/target_choices_all.csv,Q3,,,,,,,0.6626805461282007,0.6346920082407534,0.0,0.0,0.6442038137020795,0.6945061214538464,0.6727576578357087,0.6955517920765923,0.613734493992541,0.6346920082407534,positive_last_penalty_a0p75,positive_last_penalty,0.6626805461282007,0.6346920082407534,anchor,0.6955517920765923,0.0,0.032781320352747,0.0,0.004,0.75,,0.0
constrained_logit_blend,research/constrained_target_blend_logit_newton/target_choices_all.csv,S1,,,,,,,0.4897802813725853,0.4497658689110534,-0.0025718718412667263,0.00022140289407723834,0.4550435250057787,0.4653928564365618,0.489774040928052,0.5241554196833467,0.5193801290347609,0.4497658689110534,positive_last_penalty_a0p75,positive_last_penalty,0.492352153213852,0.4495444660169762,arith:ridge_residual_composite:0.35+ridge_residual_full:0.65,0.5241554196833467,-0.0048974064550287,0.0291673219215939,0.0,0.004,0.75,,-0.0024058196707087
constrained_logit_blend,research/constrained_target_blend_logit_newton/target_choices_all.csv,S2,,,,,,,0.5523303237543977,0.5924888746662645,-0.0077900819353105,-0.030326448229168856,0.5997704406155724,0.5718257411801718,0.5225637811533103,0.527765274225347,0.5479889858675647,0.5924888746662645,positive_last_penalty_a0p75,positive_last_penalty,0.5601204056897082,0.6228153228954334,ridge_residual_full,0.5924888746662645,-0.0303264482291688,0.0264610051061692,0.0,0.004,0.75,,-0.0077900819353105
constrained_logit_blend,research/constrained_target_blend_logit_newton/target_choices_all.csv,S3,,,,,,,0.5116538172050854,0.6006815799681327,-0.029897557316602708,2.5549775590771873e-06,0.6142641692580609,0.4753800648631109,0.4931318158948513,0.5445437122926502,0.4530806082946914,0.6006815799681327,positive_last_penalty_a0p75,positive_last_penalty,0.5415513745216881,0.6006790249905736,arith:ridge_residual_composite:0.20+ridge_residual_full:0.80,0.6006815799681327,2.5549775590771873e-06,0.0530711638214254,0.0,0.004,0.75,,-0.0298956410834334
constrained_logit_blend,research/constrained_target_blend_logit_newton/target_choices_all.csv,S4,,,,,,,0.6226433776469414,0.5839384495097777,-0.008155659957683525,-0.00471593513121249,0.5907718293769757,0.6548408438339655,0.5680474978799893,0.6398469516811186,0.663143049599433,0.5839384495097777,positive_last_penalty_a0p75,positive_last_penalty,0.630799037604625,0.5886543846409902,ridge_residual_full,0.663143049599433,0.0029332715251294,0.0385987891937265,0.0,0.004,0.75,,-0.0081556599576835
constrained_logit_blend,research/constrained_target_blend_logit_newton/target_choices_all.csv,Q1,,,,,,,0.5879679030351407,0.606532805999241,-0.002456980836487044,-0.011973065503971814,0.6090954778720524,0.5344377418210166,0.6279702835911902,0.5925123364637841,0.582113197442527,0.606532805999241,positive_last_penalty_a1,positive_last_penalty,0.5904248838716277,0.6185058715032128,ridge_residual_full,0.606532805999241,-0.0119730655039718,0.0311848546643875,0.0,0.004,1.0,,-0.002456980836487
constrained_logit_blend,research/constrained_target_blend_logit_newton/target_choices_all.csv,Q2,,,,,,,0.6928603523911178,0.637620629906511,-1.9504232804723465e-05,-0.0004637393938903278,0.65562225984655,0.7124854383748237,0.6305541715615002,0.7967354109847794,0.6858257429624638,0.637620629906511,positive_last_penalty_a1,positive_last_penalty,0.6928798566239225,0.6380843693004014,arith:anchor:0.80+ridge_residual_composite:0.20,0.7967354109847794,-0.0007830690513337,0.0602626106274744,0.0,0.004,1.0,,-1.9504232804723465e-05
constrained_logit_blend,research/constrained_target_blend_logit_newton/target_choices_all.csv,Q3,,,,,,,0.6626805461282007,0.6346920082407534,0.0,0.0,0.6442038137020795,0.6945061214538464,0.6727576578357087,0.6955517920765923,0.613734493992541,0.6346920082407534,positive_last_penalty_a1,positive_last_penalty,0.6626805461282007,0.6346920082407534,anchor,0.6955517920765923,0.0,0.032781320352747,0.0,0.004,1.0,,0.0
constrained_logit_blend,research/constrained_target_blend_logit_newton/target_choices_all.csv,S1,,,,,,,0.48994675932278,0.4480712050631937,-0.0024053938910720274,-0.0014732609537824737,0.45352854847806,0.4660009046175358,0.4891999860825398,0.5252831778323912,0.5206349993785943,0.4480712050631937,positive_last_penalty_a1,positive_last_penalty,0.492352153213852,0.4495444660169762,logit:ridge_residual_composite:0.50+ridge_residual_full:0.50,0.5252831778323912,-0.0037696483059842,0.0300595912800053,0.0,0.004,1.0,,-0.0024053938910719
constrained_logit_blend,research/constrained_target_blend_logit_newton/target_choices_all.csv,S2,,,,,,,0.5523303237543977,0.5924888746662645,-0.0077900819353105,-0.030326448229168856,0.5997704406155724,0.5718257411801718,0.5225637811533103,0.527765274225347,0.5479889858675647,0.5924888746662645,positive_last_penalty_a1,positive_last_penalty,0.5601204056897082,0.6228153228954334,ridge_residual_full,0.5924888746662645,-0.0303264482291688,0.0264610051061692,0.0,0.004,1.0,,-0.0077900819353105
constrained_logit_blend,research/constrained_target_blend_logit_newton/target_choices_all.csv,S3,,,,,,,0.5116538172050854,0.6006815799681327,-0.029897557316602708,2.5549775590771873e-06,0.6142641692580609,0.4753800648631109,0.4931318158948513,0.5445437122926502,0.4530806082946914,0.6006815799681327,positive_last_penalty_a1,positive_last_penalty,0.5415513745216881,0.6006790249905736,arith:ridge_residual_composite:0.20+ridge_residual_full:0.80,0.6006815799681327,2.5549775590771873e-06,0.0530711638214254,0.0,0.004,1.0,,-0.0298950023390436
constrained_logit_blend,research/constrained_target_blend_logit_newton/target_choices_all.csv,S4,,,,,,,0.6226433776469414,0.5839384495097777,-0.008155659957683525,-0.00471593513121249,0.5907718293769757,0.6548408438339655,0.5680474978799893,0.6398469516811186,0.663143049599433,0.5839384495097777,positive_last_penalty_a1,positive_last_penalty,0.630799037604625,0.5886543846409902,ridge_residual_full,0.663143049599433,0.0029332715251294,0.0385987891937265,0.0,0.004,1.0,,-0.0081556599576835
constrained_logit_blend,research/constrained_target_blend_logit_newton/target_choices_all.csv,Q1,,,,,,,0.5882756987108314,0.6030283193180365,-0.0021491851607963186,-0.015477552185176324,0.6048278382683027,0.5339144128062207,0.6288644652958993,0.5922296764820192,0.5868341779000608,0.6030283193180365,tradeoff_cap_a0p15,tradeoff_cap,0.5904248838716277,0.6185058715032128,logit:ridge_residual_composite:0.35+ridge_residual_full:0.65,0.6030283193180365,-0.0154775521851763,0.0310982620823729,0.0,0.004,0.15,,-0.0044708179885727
constrained_logit_blend,research/constrained_target_blend_logit_newton/target_choices_all.csv,Q2,,,,,,,0.6912996218244709,0.6428348266070221,-0.0015802347994515742,0.0047504573066207145,0.660560653731553,0.7075789197649582,0.628340221455209,0.7953282787983104,0.6819343241216338,0.6428348266070221,tradeoff_cap_a0p15,tradeoff_cap,0.6928798566239225,0.6380843693004014,arith:anchor:0.50+ridge_residual_full:0.50,0.7953282787983104,-0.0021902012378027,0.059139431699609,0.0,0.004,0.15,,-0.0008676662034584
constrained_logit_blend,research/constrained_target_blend_logit_newton/target_choices_all.csv,Q3,,,,,,,0.6626805461282007,0.6346920082407534,0.0,0.0,0.6442038137020795,0.6945061214538464,0.6727576578357087,0.6955517920765923,0.613734493992541,0.6346920082407534,tradeoff_cap_a0p15,tradeoff_cap,0.6626805461282007,0.6346920082407534,anchor,0.6955517920765923,0.0,0.032781320352747,0.0,0.004,0.15,,0.0
constrained_logit_blend,research/constrained_target_blend_logit_newton/target_choices_all.csv,S1,,,,,,,0.48994675932278,0.4480712050631937,-0.0024053938910720274,-0.0014732609537824737,0.45352854847806,0.4660009046175358,0.4891999860825398,0.5252831778323912,0.5206349993785943,0.4480712050631937,tradeoff_cap_a0p15,tradeoff_cap,0.492352153213852,0.4495444660169762,logit:ridge_residual_composite:0.50+ridge_residual_full:0.50,0.5252831778323912,-0.0037696483059842,0.0300595912800053,0.0,0.004,0.15,,-0.0026263830341393
constrained_logit_blend,research/constrained_target_blend_logit_newton/target_choices_all.csv,S2,,,,,,,0.5524926117173649,0.5897032387480793,-0.007627793972343366,-0.033112084147354115,0.5964654562067148,0.5733192484343598,0.5222429401950955,0.5293662669678126,0.548606948648814,0.5897032387480793,tradeoff_cap_a0p15,tradeoff_cap,0.5601204056897082,0.6228153228954334,logit:ridge_residual_composite:0.20+ridge_residual_full:0.80,0.5897032387480793,-0.0331120841473541,0.0256250973886487,0.0,0.004,0.15,,-0.0125946065944464
constrained_logit_blend,research/constrained_target_blend_logit_newton/target_choices_all.csv,S3,,,,,,,0.5077276302852942,0.6061629831879853,-0.03382374423639389,0.005483958197411765,0.6213735179888792,0.4712571436139721,0.4861809776849146,0.5392001640813648,0.4449677802811975,0.6061629831879853,tradeoff_cap_a0p15,tradeoff_cap,0.5415513745216881,0.6006790249905736,ridge_residual_full,0.6061629831879853,0.0054839581974117,0.0572652038081305,0.0,0.004,0.15,,-0.0330011505067821
constrained_logit_blend,research/constrained_target_blend_logit_newton/target_choices_all.csv,S4,,,,,,,0.6228627991834732,0.5819198498851319,-0.007936238421151764,-0.006734534755858279,0.5891462768553113,0.6559923588370922,0.5677042087542636,0.6399649867359105,0.6651406205868665,0.5819198498851319,tradeoff_cap_a0p15,tradeoff_cap,0.630799037604625,0.5886543846409902,logit:ridge_residual_full:0.65+ridge_residual_last:0.35,0.6651406205868665,0.0049308425125629,0.0397333146581551,0.0,0.004,0.15,,-0.0089464186345305
constrained_logit_blend,research/constrained_target_blend_logit_newton/target_choices_all.csv,Q1,,,,,,,0.5888558879479348,0.6004250659961831,-0.001568995923692973,-0.01808080550702973,0.601669921067337,0.5347988714705882,0.6301211033945321,0.5920096902978088,0.5901676156272486,0.6004250659961831,tradeoff_cap_a0p25,tradeoff_cap,0.5904248838716277,0.6185058715032128,logit:anchor:0.20+ridge_residual_composite:0.80,0.6004250659961831,-0.0180808055070297,0.0308816732919132,0.0,0.004,0.25,,-0.0060891973004504
constrained_logit_blend,research/constrained_target_blend_logit_newton/target_choices_all.csv,Q2,,,,,,,0.691728728478578,0.6406354070600994,-0.00115112814534446,0.002551037759698005,0.6583535756673586,0.7097640786702806,0.6280192459988881,0.7952951909150152,0.684182445661042,0.6406354070600994,tradeoff_cap_a0p25,tradeoff_cap,0.6928798566239225,0.6380843693004014,arith:ridge_residual_full:0.35+ridge_residual_composite:0.20+knn_targetwise_guarded:0.45,0.7952951909150152,-0.0022232891210979,0.0596280912828627,0.0,0.004,0.25,,-0.0005133687054199
constrained_logit_blend,research/constrained_target_blend_logit_newton/target_choices_all.csv,Q3,,,,,,,0.6626805461282007,0.6346920082407534,0.0,0.0,0.6442038137020795,0.6945061214538464,0.6727576578357087,0.6955517920765923,0.613734493992541,0.6346920082407534,tradeoff_cap_a0p25,tradeoff_cap,0.6626805461282007,0.6346920082407534,anchor,0.6955517920765923,0.0,0.032781320352747,0.0,0.004,0.25,,0.0
constrained_logit_blend,research/constrained_target_blend_logit_newton/target_choices_all.csv,S1,,,,,,,0.4903319913754224,0.4463336220832885,-0.002020161838429624,-0.0032108439336877015,0.4520271859757268,0.466505058940214,0.4888753333837213,0.5270128763977006,0.522288672325538,0.4463336220832885,tradeoff_cap_a0p25,tradeoff_cap,0.492352153213852,0.4495444660169762,logit:ridge_residual_composite:0.65+ridge_residual_full:0.35,0.5270128763977006,-0.0020399497406748,0.0312164533438656,0.0,0.004,0.25,,-0.0028228728218514
constrained_logit_blend,research/constrained_target_blend_logit_newton/target_choices_all.csv,S2,,,,,,,0.5528595735987266,0.5880024625061597,-0.007260832090981606,-0.03481286038927367,0.5943871848353895,0.5745627869508105,0.5221313737770166,0.5307077214514792,0.5495263686223925,0.5880024625061597,tradeoff_cap_a0p25,tradeoff_cap,0.5601204056897082,0.6228153228954334,logit:ridge_residual_composite:0.35+ridge_residual_full:0.65,0.5880024625061597,-0.0348128603892736,0.0251078039070669,0.0,0.004,0.25,,-0.0159640471883
constrained_logit_blend,research/constrained_target_blend_logit_newton/target_choices_all.csv,S3,,,,,,,0.5077276302852942,0.6061629831879853,-0.03382374423639389,0.005483958197411765,0.6213735179888792,0.4712571436139721,0.4861809776849146,0.5392001640813648,0.4449677802811975,0.6061629831879853,tradeoff_cap_a0p25,tradeoff_cap,0.5415513745216881,0.6006790249905736,ridge_residual_full,0.6061629831879853,0.0054839581974117,0.0572652038081305,0.0,0.004,0.25,,-0.0324527546870409
constrained_logit_blend,research/constrained_target_blend_logit_newton/target_choices_all.csv,S4,,,,,,,0.6237139317758099,0.5783394187914295,-0.007085105828815053,-0.010314965849560709,0.5860715777249993,0.6568254214703824,0.570317313551645,0.6413744277287295,0.6678481152618536,0.5783394187914295,tradeoff_cap_a0p25,tradeoff_cap,0.630799037604625,0.5886543846409902,logit:ridge_residual_composite:0.35+ridge_residual_last:0.65,0.6678481152618536,0.00763833718755,0.0406525465353778,0.0,0.004,0.25,,-0.0096638472912052
constrained_logit_blend,research/constrained_target_blend_logit_newton/target_choices_all.csv,Q1,,,,,,,0.5888558879479348,0.6004250659961831,-0.001568995923692973,-0.01808080550702973,0.601669921067337,0.5347988714705882,0.6301211033945321,0.5920096902978088,0.5901676156272486,0.6004250659961831,tradeoff_cap_a0p35,tradeoff_cap,0.5904248838716277,0.6185058715032128,logit:anchor:0.20+ridge_residual_composite:0.80,0.6004250659961831,-0.0180808055070297,0.0308816732919132,0.0,0.004,0.35,,-0.0078972778511533
constrained_logit_blend,research/constrained_target_blend_logit_newton/target_choices_all.csv,Q2,,,,,,,0.6922461141334341,0.6389103160416373,-0.0006337424904884204,0.0008259467412359278,0.6566248447839951,0.7116972548416148,0.62804528404814,0.7954117960417757,0.6861953449065465,0.6389103160416373,tradeoff_cap_a0p35,tradeoff_cap,0.6928798566239225,0.6380843693004014,arith:ridge_residual_full:0.20+ridge_residual_composite:0.35+knn_targetwise_guarded:0.45,0.7954117960417757,-0.0021066839943374,0.0600406231569022,0.0,0.004,0.35,,-0.0003446611310558
constrained_logit_blend,research/constrained_target_blend_logit_newton/target_choices_all.csv,Q3,,,,,,,0.6626805461282007,0.6346920082407534,0.0,0.0,0.6442038137020795,0.6945061214538464,0.6727576578357087,0.6955517920765923,0.613734493992541,0.6346920082407534,tradeoff_cap_a0p35,tradeoff_cap,0.6626805461282007,0.6346920082407534,anchor,0.6955517920765923,0.0,0.032781320352747,0.0,0.004,0.35,,0.0
constrained_logit_blend,research/constrained_target_blend_logit_newton/target_choices_all.csv,S1,,,,,,,0.4903319913754224,0.4463336220832885,-0.002020161838429624,-0.0032108439336877015,0.4520271859757268,0.466505058940214,0.4888753333837213,0.5270128763977006,0.522288672325538,0.4463336220832885,tradeoff_cap_a0p35,tradeoff_cap,0.492352153213852,0.4495444660169762,logit:ridge_residual_composite:0.65+ridge_residual_full:0.35,0.5270128763977006,-0.0020399497406748,0.0312164533438656,0.0,0.004,0.35,,-0.0031439572152202
constrained_logit_blend,research/constrained_target_blend_logit_newton/target_choices_all.csv,S2,,,,,,,0.5528595735987266,0.5880024625061597,-0.007260832090981606,-0.03481286038927367,0.5943871848353895,0.5745627869508105,0.5221313737770166,0.5307077214514792,0.5495263686223925,0.5880024625061597,tradeoff_cap_a0p35,tradeoff_cap,0.5601204056897082,0.6228153228954334,logit:ridge_residual_composite:0.35+ridge_residual_full:0.65,0.5880024625061597,-0.0348128603892736,0.0251078039070669,0.0,0.004,0.35,,-0.0194453332272273
constrained_logit_blend,research/constrained_target_blend_logit_newton/target_choices_all.csv,S3,,,,,,,0.5077276302852942,0.6061629831879853,-0.03382374423639389,0.005483958197411765,0.6213735179888792,0.4712571436139721,0.4861809776849146,0.5392001640813648,0.4449677802811975,0.6061629831879853,tradeoff_cap_a0p35,tradeoff_cap,0.5415513745216881,0.6006790249905736,ridge_residual_full,0.6061629831879853,0.0054839581974117,0.0572652038081305,0.0,0.004,0.35,,-0.0319043588672997
constrained_logit_blend,research/constrained_target_blend_logit_newton/target_choices_all.csv,S4,,,,,,,0.6237139317758099,0.5783394187914295,-0.007085105828815053,-0.010314965849560709,0.5860715777249993,0.6568254214703824,0.570317313551645,0.6413744277287295,0.6678481152618536,0.5783394187914295,tradeoff_cap_a0p35,tradeoff_cap,0.630799037604625,0.5886543846409902,logit:ridge_residual_composite:0.35+ridge_residual_last:0.65,0.6678481152618536,0.00763833718755,0.0406525465353778,0.0,0.004,0.35,,-0.0106953438761613
constrained_logit_blend,research/constrained_target_blend_logit_newton/target_choices_all.csv,Q1,,,,,,,0.5892512766796913,0.599612229203973,-0.0011736071919363766,-0.018893642299239843,0.6005218719706511,0.5335001145770412,0.6307955608136483,0.5922117446482648,0.5933680722595084,0.599612229203973,tradeoff_cap_a0p5,tradeoff_cap,0.5904248838716277,0.6185058715032128,logit:ridge_residual_composite:0.80+ridge_residual_full:0.20,0.599612229203973,-0.0188936422992398,0.0315121977159951,0.0,0.004,0.5,,-0.0106204283415562
constrained_logit_blend,research/constrained_target_blend_logit_newton/target_choices_all.csv,Q2,,,,,,,0.6930387968345394,0.6370558264285305,0.0001589402106169091,-0.001028542871870819,0.6549105457879079,0.7140463324825792,0.6284656843922785,0.7957492452398273,0.688648361345829,0.6370558264285305,tradeoff_cap_a0p5,tradeoff_cap,0.6928798566239225,0.6380843693004014,arith:anchor:0.50+ridge_residual_composite:0.50,0.7957492452398273,-0.0017692347962858,0.0605202555448392,0.0,0.004,0.5,,-0.0003553312253185
constrained_logit_blend,research/constrained_target_blend_logit_newton/target_choices_all.csv,Q3,,,,,,,0.6627889145898909,0.6344565457464786,0.0001083684616901559,-0.00023546249427486288,0.644128987705602,0.6947613358035848,0.6727161011929419,0.6959978055428113,0.6138341338388414,0.6344565457464786,tradeoff_cap_a0p5,tradeoff_cap,0.6626805461282007,0.6346920082407534,logit:anchor:0.80+ridge_residual_composite:0.20,0.6959978055428113,0.0004460134662189,0.032930106496092,0.0,0.004,0.5,,-9.362785447275536e-06
constrained_logit_blend,research/constrained_target_blend_logit_newton/target_choices_all.csv,S1,,,,,,,0.4909231953256251,0.4448587724426961,-0.0014289578882268894,-0.004685693574280059,0.4508192336108275,0.4671145300110388,0.4887032635974281,0.529158306249156,0.5240509225336454,0.4448587724426961,tradeoff_cap_a0p5,tradeoff_cap,0.492352153213852,0.4495444660169762,logit:ridge_residual_full:0.20+ridge_residual_last:0.80,0.529158306249156,0.0001054801107805,0.0324128834900271,0.0,0.004,0.5,,-0.0037718046753668
constrained_logit_blend,research/constrained_target_blend_logit_newton/target_choices_all.csv,S2,,,,,,,0.5534277457478545,0.5866193823474157,-0.006692659941853751,-0.03619594054801767,0.5926368408416857,0.5759122897961363,0.5221294902408532,0.5321699326991887,0.5508069545815929,0.5866193823474157,tradeoff_cap_a0p5,tradeoff_cap,0.5601204056897082,0.6228153228954334,logit:ridge_residual_composite:0.50+ridge_residual_full:0.50,0.5866193823474157,-0.0361959405480176,0.0246800873445365,0.0,0.004,0.5,,-0.0247906302158625
constrained_logit_blend,research/constrained_target_blend_logit_newton/target_choices_all.csv,S3,,,,,,,0.5077276302852942,0.6061629831879853,-0.03382374423639389,0.005483958197411765,0.6213735179888792,0.4712571436139721,0.4861809776849146,0.5392001640813648,0.4449677802811975,0.6061629831879853,tradeoff_cap_a0p5,tradeoff_cap,0.5415513745216881,0.6006790249905736,ridge_residual_full,0.6061629831879853,0.0054839581974117,0.0572652038081305,0.0,0.004,0.5,,-0.031081765137688
constrained_logit_blend,research/constrained_target_blend_logit_newton/target_choices_all.csv,S4,,,,,,,0.6237139317758099,0.5783394187914295,-0.007085105828815053,-0.010314965849560709,0.5860715777249993,0.6568254214703824,0.570317313551645,0.6413744277287295,0.6678481152618536,0.5783394187914295,tradeoff_cap_a0p5,tradeoff_cap,0.630799037604625,0.5886543846409902,logit:ridge_residual_composite:0.35+ridge_residual_last:0.65,0.6678481152618536,0.00763833718755,0.0406525465353778,0.0,0.004,0.5,,-0.0122425887535954
blend_logit_te_full,research/residual_submission_blend_ridge_logit_te_full/target_choices_all.csv,Q1,,,,,,,0.5907105098616053,0.61435817865119,0.00028562598997761146,-0.004147692852022766,0.618892603013076,0.5497558708136984,0.6284105330762898,0.589326266762065,0.57501545648424,0.61435817865119,ridge_knn_blend_composite,composite,0.5904248838716277,0.6185058715032128,arith:ridge_residual_composite:0.80+ridge_residual_full:0.20,,,,,,,,
blend_logit_te_full,research/residual_submission_blend_ridge_logit_te_full/target_choices_all.csv,Q2,,,,,,,0.693025082645073,0.6339898460190495,0.00014522602115052408,-0.004094523281351847,0.651583275245033,0.7192482570485388,0.6236180322501674,0.7941997530164753,0.692359853393818,0.6339898460190495,ridge_knn_blend_composite,composite,0.6928798566239225,0.6380843693004014,arith:ridge_residual_composite:0.80+ridge_residual_full:0.20,,,,,,,,
blend_logit_te_full,research/residual_submission_blend_ridge_logit_te_full/target_choices_all.csv,Q3,,,,,,,0.6644061739423034,0.6315311422438932,0.0017256278141026815,-0.0031608659968602737,0.6437159921189383,0.6933858323192359,0.6754734928788246,0.7039347541234202,0.6155673725070793,0.6315311422438932,ridge_knn_blend_composite,composite,0.6626805461282007,0.6346920082407534,arith:ridge_residual_composite:0.80+ridge_residual_full:0.20,,,,,,,,
blend_logit_te_full,research/residual_submission_blend_ridge_logit_te_full/target_choices_all.csv,S1,,,,,,,0.4920757193959629,0.4464543086442368,-0.00027643381788911014,-0.003090157372739377,0.4517967975380935,0.4725810309561877,0.488889884749642,0.5254034481423067,0.5259975450971971,0.4464543086442368,ridge_knn_blend_composite,composite,0.492352153213852,0.4495444660169762,arith:anchor:0.20+ridge_residual_composite:0.80,,,,,,,,
blend_logit_te_full,research/residual_submission_blend_ridge_logit_te_full/target_choices_all.csv,S2,,,,,,,0.5602930762003447,0.6069113860698571,0.00017267051063651895,-0.015903936825576337,0.6157641982851372,0.5907679627358868,0.5213062745363879,0.5305118397752954,0.5527202981458321,0.6069113860698571,ridge_knn_blend_composite,composite,0.5601204056897082,0.6228153228954334,logit:ridge_residual_composite:0.65+ridge_residual_full:0.35,,,,,,,,
blend_logit_te_full,research/residual_submission_blend_ridge_logit_te_full/target_choices_all.csv,S3,,,,,,,0.543002217199687,0.5985645544050635,0.001450842677998887,-0.0021144705855100643,0.6073387728087508,0.507323243963125,0.5312236697519669,0.5697775021112029,0.5142365747880997,0.5985645544050635,ridge_knn_blend_composite,composite,0.5415513745216881,0.6006790249905736,logit:ridge_residual_composite:0.65+knn_targetwise_guarded:0.35,,,,,,,,
blend_logit_te_full,research/residual_submission_blend_ridge_logit_te_full/target_choices_all.csv,S4,,,,,,,0.6293853826378858,0.5842825559679209,-0.0014136549667391751,-0.004371828673069289,0.5909845637989573,0.6551668354453191,0.5964867199794143,0.6432905423454721,0.6640516078894696,0.5842825559679209,ridge_knn_blend_composite,composite,0.630799037604625,0.5886543846409902,logit:ridge_residual_composite:0.50+ridge_residual_full:0.50,,,,,,,,
blend_logit_te_full,research/residual_submission_blend_ridge_logit_te_full/target_choices_all.csv,Q1,,,,,,,0.5924672431978325,0.6135258829518379,0.002042359326204779,-0.0049799885513749365,0.6192699014872367,0.5542367210370405,0.630689163826357,0.5918052744143457,0.5751262948674579,0.6135258829518379,ridge_knn_blend_last,last,0.5904248838716277,0.6185058715032128,ridge_residual_composite,,,,,,,,
blend_logit_te_full,research/residual_submission_blend_ridge_logit_te_full/target_choices_all.csv,Q2,,,,,,,0.6943304631474775,0.6338739480475895,0.001450606523554998,-0.004210421252811902,0.65232989043294,0.7203734682589511,0.6237606727621126,0.7946798019842466,0.6971417533159723,0.6338739480475895,ridge_knn_blend_last,last,0.6928798566239225,0.6380843693004014,ridge_residual_composite,,,,,,,,
blend_logit_te_full,research/residual_submission_blend_ridge_logit_te_full/target_choices_all.csv,Q3,,,,,,,0.6649253303028172,0.6308070941742566,0.0022447841746164876,-0.003884914066496825,0.6437533399754468,0.693174153349425,0.6762352203845322,0.706220023178338,0.6160602633909271,0.6308070941742566,ridge_knn_blend_last,last,0.6626805461282007,0.6346920082407534,ridge_residual_composite,,,,,,,,
blend_logit_te_full,research/residual_submission_blend_ridge_logit_te_full/target_choices_all.csv,S1,,,,,,,0.4924104682661646,0.4463520325827748,5.831505231257417e-05,-0.0031924334342013916,0.4518044573473173,0.4734283783616237,0.4895871916047168,0.5252448704513942,0.5263198787926597,0.4463520325827748,ridge_knn_blend_last,last,0.492352153213852,0.4495444660169762,ridge_residual_composite,,,,,,,,
blend_logit_te_full,research/residual_submission_blend_ridge_logit_te_full/target_choices_all.csv,S2,,,,,,,0.5628226857156599,0.6059516973098132,0.002702280025951631,-0.016863625585620157,0.6164969600014459,0.5983396561734854,0.5219377723767229,0.5328453528225819,0.5553331717534365,0.6059516973098132,ridge_knn_blend_last,last,0.5601204056897082,0.6228153228954334,ridge_residual_composite,,,,,,,,
blend_logit_te_full,research/residual_submission_blend_ridge_logit_te_full/target_choices_all.csv,S3,,,,,,,0.543002217199687,0.5985645544050635,0.001450842677998887,-0.0021144705855100643,0.6073387728087508,0.507323243963125,0.5312236697519669,0.5697775021112029,0.5142365747880997,0.5985645544050635,ridge_knn_blend_last,last,0.5415513745216881,0.6006790249905736,logit:ridge_residual_composite:0.65+knn_targetwise_guarded:0.35,,,,,,,,
blend_logit_te_full,research/residual_submission_blend_ridge_logit_te_full/target_choices_all.csv,S4,,,,,,,0.6297583930315469,0.584279987753213,-0.0010406445730780645,-0.004374396887777188,0.5909977156977347,0.6557849185757384,0.5971297740862617,0.6435918534361109,0.6643188801785752,0.584279987753213,ridge_knn_blend_last,last,0.630799037604625,0.5886543846409902,logit:ridge_residual_composite:0.65+ridge_residual_full:0.35,,,,,,,,
blend_logit_te_full,research/residual_submission_blend_ridge_logit_te_full/target_choices_all.csv,Q1,,,,,,,0.587182961439304,0.6189710553426604,-0.003241922432323685,0.00046518383944760267,0.6240551337782951,0.539013659913167,0.6204300253172846,0.5862006865952916,0.5754802475555074,0.6189710553426604,ridge_knn_blend_full,full,0.5904248838716277,0.6185058715032128,ridge_residual_full,,,,,,,,
blend_logit_te_full,research/residual_submission_blend_ridge_logit_te_full/target_choices_all.csv,Q2,,,,,,,0.6898804919422968,0.635809916022891,-0.002999364681625649,-0.002274453277510302,0.6539460876133071,0.7163148594559958,0.6246409071443026,0.7930545218245842,0.6782565537700364,0.635809916022891,ridge_knn_blend_full,full,0.6928798566239225,0.6380843693004014,ridge_residual_full,,,,,,,,
blend_logit_te_full,research/residual_submission_blend_ridge_logit_te_full/target_choices_all.csv,Q3,,,,,,,0.6626805461282007,0.6346920082407534,0.0,0.0,0.6442038137020795,0.6945061214538464,0.6727576578357087,0.6955517920765923,0.613734493992541,0.6346920082407534,ridge_knn_blend_full,full,0.6626805461282007,0.6346920082407534,anchor,,,,,,,,
blend_logit_te_full,research/residual_submission_blend_ridge_logit_te_full/target_choices_all.csv,S1,,,,,,,0.4910643082509548,0.4485522902351876,-0.0012878449628971889,-0.0009921757817885624,0.4537625358044009,0.4696506533200237,0.486615410634785,0.5242551146298274,0.5254805442016071,0.4485522902351876,ridge_knn_blend_full,full,0.492352153213852,0.4495444660169762,ridge_residual_full,,,,,,,,
blend_logit_te_full,research/residual_submission_blend_ridge_logit_te_full/target_choices_all.csv,S2,,,,,,,0.5578069729497175,0.6127953018623451,-0.0023134327399907395,-0.0100200210330883,0.6225452560831378,0.5760523172695928,0.5226642982280154,0.5273138459506576,0.5520274444621424,0.6127953018623451,ridge_knn_blend_full,full,0.5601204056897082,0.6228153228954334,logit:anchor:0.20+ridge_residual_full:0.80,,,,,,,,
blend_logit_te_full,research/residual_submission_blend_ridge_logit_te_full/target_choices_all.csv,S3,,,,,,,0.538635945098123,0.6062560555155727,-0.0029154294235651523,0.005577030524999138,0.6162044136056725,0.5051657892552961,0.5251187969903021,0.5604144136290202,0.5028723260506296,0.6062560555155727,ridge_knn_blend_full,full,0.5415513745216881,0.6006790249905736,ridge_residual_full,,,,,,,,
blend_logit_te_full,research/residual_submission_blend_ridge_logit_te_full/target_choices_all.csv,S4,,,,,,,0.6288064158993424,0.5855204897697137,-0.0019926217052825823,-0.003133894871276466,0.5921701990219934,0.6535509814756131,0.5947127026284709,0.6427553370464525,0.664010732800181,0.5855204897697137,ridge_knn_blend_full,full,0.630799037604625,0.5886543846409902,ridge_residual_full,,,,,,,,
